Odometer_Label,Location_Label,Asset,Date,Time,Odometer,Status,Location
Odometer (km),Location,RCLU24042,01/18/2025,09:23 AM,106930.2 km,90.6 (km/h) NW,"Newell County No 4, AB, T0J"
Odometer (km),Location,RC94803,01/18/2025,09:23 AM,472150.4 km,91.0 (km/h) NW,"Newell County No 4, AB, T0J"
Odometer (km),Location,RCLU24604,01/18/2025,09:23 AM,39725.6 km,3.1 (km/h) E,"1550 Manitoba Street East, Moose Jaw, Moose Jaw, SK, S6H 0A7"
Odometer (km),Location,RC94898,01/18/2025,09:23 AM,42648.1 km,90.9 (km/h) NW,"Newell County No 4, AB, T0J"
Odometer (km),Location,RCLU22031,01/18/2025,09:23 AM,236156.9 km,77.0 (km/h) NE,"7037 Lougheed Highway, Harrison Hot Springs, Harrison Hot Springs, BC, V0M 1K0"
Odometer (km),Location,RCLU22002,01/18/2025,09:23 AM,175921.8 km,64.8 (km/h) E,No address recorded
Odometer (km),Location,RCLU22038,01/18/2025,09:23 AM,204311.6 km,90.9 (km/h) NW,"Newell County No 4, AB, T0J"
Odometer (km),Location,RCLU24534,01/18/2025,09:23 AM,23336.6 km,7.8 (km/h) NW,"350 Higgins Avenue, Winnipeg, Winnipeg, MB, R3A"
Odometer (km),Location,RC94831,01/18/2025,09:23 AM,810942.6 km,40.0 (km/h) SE,"472 Trans-Canada Highway, Fraser Valley A, Fraser Valley A, BC, V0X"
Odometer (km),Location,RCLU22094,01/18/2025,09:23 AM,89703.0 km,91.3 (km/h) NW,"Newell County No 4, AB, T0J"
Odometer (km),Location,RC94889,01/18/2025,09:23 AM,51851.1 km,91.1 (km/h) NW,"Newell County No 4, AB, T0J"
Odometer (km),Location,RCLU21009,01/18/2025,09:23 AM,246425.7 km,69.1 (km/h) W,"489 Rte-289:Fre, St-Jean-De-La-Lande:Fre, QC, G0L"
Odometer (km),Location,RCLU16090,01/18/2025,09:23 AM,768226.1 km,42.0 (km/h) SW,"Hwy-1 / Trans Canada Hwy, Fraser Valley, BC, V0K"
Odometer (km),Location,RC94827,01/18/2025,09:23 AM,242560.8 km,70.2 (km/h) NE,"7037 Lougheed Highway, Harrison Hot Springs, Harrison Hot Springs, BC, V0M 1K0"
Odometer (km),Location,RCLU24009,01/18/2025,09:23 AM,94004.9 km,1.9 (km/h) N,No address recorded
Odometer (km),Location,RCLU24017,01/18/2025,09:23 AM,97816.7 km,91.5 (km/h) NW,"Newell County No 4, AB, T0J"
Odometer (km),Location,RCLU22082,01/18/2025,09:23 AM,115398.3 km,38.3 (km/h) SW,"Hwy-17 / Trans Canada Hwy, Thunder Bay District, ON, P0T"
Odometer (km),Location,RCLU22099,01/18/2025,09:23 AM,118588.6 km,91.5 (km/h) NW,"Township Road 200, Rosemary, Newell County No. 4, AB, T0J 2W0"
Odometer (km),Location,RCLU22075,01/18/2025,09:23 AM,195824.1 km,3.0 (km/h) E,"1550 Manitoba Street East, Moose Jaw, Moose Jaw, SK, S6H 0A7"
Odometer (km),Location,RCLU16091,01/18/2025,09:23 AM,1045856.8 km,91.9 (km/h) NW,"Newell County No 4, AB, T0J"
Odometer (km),Location,RCLU24022,01/18/2025,09:23 AM,102740.6 km,90.9 (km/h) NW,"Township Road 192A, Rosemary, Newell County No. 4, AB, T0J 2W0"
Odometer (km),Location,RC94886,01/18/2025,09:23 AM,72711.3 km,65.1 (km/h) NE,"Banff Legacy Trail, Improvement District No. 9, Improvement District No. 9, AB, T0L"
Odometer (km),Location,RCLU21043,01/18/2025,09:23 AM,258789.4 km,91.1 (km/h) NW,"Newell County No 4, AB, T0J"
Odometer (km),Location,RCLU16009,01/18/2025,09:23 AM,3099.8 km,91.1 (km/h) NW,"Newell County No 4, AB, T0J"
Odometer (km),Location,RC94884,01/18/2025,09:23 AM,469461.1 km,64.6 (km/h) E,"Kenora, ON, P9N"
Odometer (km),Location,RCLU21025,01/18/2025,09:23 AM,206533.2 km,91.3 (km/h) NW,"Newell County No 4, AB, T0J"
Odometer (km),Location,RCLU22106,01/18/2025,09:23 AM,94974.0 km,3.9 (km/h) E,"1550 Manitoba Street East, Moose Jaw, Moose Jaw, SK, S6H 0A7"
Odometer (km),Location,RCLU22091,01/18/2025,09:23 AM,135525.5 km,5.0 (km/h) E,"1550 Manitoba Street East, Moose Jaw, Moose Jaw, SK, S6H 0A7"
Odometer (km),Location,RCLU16001,01/18/2025,09:23 AM,749772.0 km,90.9 (km/h) NW,"Township Road 192A, Rosemary, Newell County No. 4, AB, T0J 2W0"
Odometer (km),Location,RC94881,01/18/2025,09:23 AM,862974.3 km,91.0 (km/h) NW,"27 Trans-Canada Highway, Rosemary, Newell County No. 4, AB, T0J 2W0"
Odometer (km),Location,RCLU24070,01/18/2025,09:23 AM,118412.0 km,91.3 (km/h) NW,"Township Road 192A, Rosemary, Newell County No. 4, AB, T0J 2W0"
Odometer (km),Location,RCLU24041,01/18/2025,09:23 AM,106141.9 km,91.1 (km/h) NW,"Township Road 200, Rosemary, Newell County No. 4, AB, T0J 2W0"
Odometer (km),Location,RCLU21040,01/18/2025,09:23 AM,285140.5 km,40.6 (km/h) SE,"472 Trans-Canada Highway, Fraser Valley A, Fraser Valley A, BC, V0X"
Odometer (km),Location,RCLU21030,01/18/2025,09:23 AM,253547.3 km,71.9 (km/h) W,"Hwy-351, North Cypress, MB, R0K"
Odometer (km),Location,RC94876,01/18/2025,09:23 AM,404123.1 km,17.5 (km/h) S,"301 Burbidge St, Thunder Bay, ON, P7B"
Odometer (km),Location,RCLU22081,01/18/2025,09:23 AM,83777.9 km,75.6 (km/h) SE,"10805 John Street Rd, Oliver Paipoonge, ON, P0T"
Odometer (km),Location,RCLU24519,01/18/2025,09:23 AM,51910.8 km,3.1 (km/h) E,"1550 Manitoba Street East, Moose Jaw, Moose Jaw, SK, S6H 0A7"
Odometer (km),Location,RCLU16040,01/18/2025,09:23 AM,60451.2 km,65.4 (km/h) E,"Banff Legacy Trail, Improvement District No. 9, Improvement District No. 9, AB, T0L"
Odometer (km),Location,RCLU24515,01/18/2025,09:23 AM,55010.4 km,91.3 (km/h) NW,"Newell County No 4, AB, T0J"
Odometer (km),Location,RCLU16020,01/18/2025,09:23 AM,34923.7 km,40.7 (km/h) SE,"472 Trans-Canada Highway, Fraser Valley A, Fraser Valley A, BC, V0X"
Odometer (km),Location,RCLU21054,01/18/2025,09:23 AM,275729.1 km,75.7 (km/h) SE,"299 Veley Ln, Oliver Paipoonge, ON, P0T"
Odometer (km),Location,RCLU16078,01/18/2025,09:23 AM,4424.3 km,79.1 (km/h) NE,"20034 Lougheed Hwy / Hwy-7, Seabird Island Indian Reserve, Kent, BC, V0M"
Odometer (km),Location,RCLU24528,01/18/2025,09:23 AM,29309.6 km,25.9 (km/h) W,"Livingstone Ave, Moose Jaw, SK, S6J"
Odometer (km),Location,RCLU21064,01/18/2025,09:23 AM,248082.2 km,74.5 (km/h) SE,"299 Veley Ln, Oliver Paipoonge, ON, P0T"
Odometer (km),Location,RC94879,01/18/2025,09:23 AM,49346.1 km,64.1 (km/h) E,"2038 Kenora Bypass, Kenora, Kenora, Unorganized, ON, P0V"
Odometer (km),Location,RCLU24601,01/18/2025,09:23 AM,59337.7 km,65.0 (km/h) E,"Banff Legacy Trail, Improvement District No. 9, Improvement District No. 9, AB, T0L"
Odometer (km),Location,RCLU24559,01/18/2025,09:23 AM,49769.2 km,64.4 (km/h) E,"Kenora, ON, P9N"
Odometer (km),Location,RCLU24530,01/18/2025,09:23 AM,22089.8 km,46.1 (km/h) SE,"Hwy-1 / Trans Canada Hwy, Fraser Valley, BC, V0K"
Odometer (km),Location,RCLU16074,01/18/2025,09:23 AM,680536.9 km,82.8 (km/h) W,"416 Sedan Crescent, Oshawa, Oshawa, ON, L1H 3G3"
Odometer (km),Location,RCLU18018,01/18/2025,09:22 AM,64716.0 km,64.2 (km/h) E,"Kenora, ON, P9N"
Odometer (km),Location,RC94895,01/18/2025,09:22 AM,469333.8 km,79.9 (km/h) NE,"7037 Lougheed Highway, Harrison Hot Springs, Harrison Hot Springs, BC, V0M 1K0"
Odometer (km),Location,RCLU21066,01/18/2025,09:22 AM,284738.5 km,90.9 (km/h) NW,"Township Road 192A, Rosemary, Newell County No. 4, AB, T0J 2W0"
Odometer (km),Location,RCLU21058,01/18/2025,09:22 AM,249907.4 km,82.8 (km/h) W,"453 Crerar Avenue, Oshawa, Oshawa, ON, L1H 2W6"
Odometer (km),Location,RCLU24032,01/18/2025,09:22 AM,111998.6 km,16.5 (km/h) S,"279 Main St, Thunder Bay, ON, P7B"
Odometer (km),Location,RCLU24533,01/18/2025,09:22 AM,45419.0 km,38.9 (km/h) NW,"14169 Humber Station Rd, Bolton, Caledon, ON, L7E"
Odometer (km),Location,RCLU16007,01/18/2025,09:22 AM,704914.3 km,64.1 (km/h) E,"1000 Jones Road, Kenora, Kenora, ON, P0V"
Odometer (km),Location,RCLU21014,01/18/2025,09:22 AM,321912.9 km,91.5 (km/h) NW,"27 Trans-Canada Highway, Rosemary, Newell County No. 4, AB, T0J 2W0"
Odometer (km),Location,RCLU24543,01/18/2025,09:22 AM,40361.5 km,39.3 (km/h) NW,"14091 Humber Station Road, Caledon, Caledon, ON, L7E 0Z9"
Odometer (km),Location,RC94812,01/18/2025,09:22 AM,561241.0 km,91.0 (km/h) NW,"Unnamed Road, Rosemary, Newell County No. 4, AB, T0J 2W0"
Odometer (km),Location,RCLU22033,01/18/2025,09:22 AM,157119.4 km,15.6 (km/h) S,"349 Burbidge Street, Thunder Bay, Thunder Bay, ON, P7B 5R3"
Odometer (km),Location,RCLU24522,01/18/2025,09:22 AM,48749.4 km,26.3 (km/h) W,"Livingstone Ave, Moose Jaw, SK, S6J"
Odometer (km),Location,RCLU22058,01/18/2025,09:22 AM,191096.1 km,55.9 (km/h) NE,"Bolingbroke Station Road, Maberly, Tay Valley, ON, K0H 2B0"
Odometer (km),Location,RCLU22110,01/18/2025,09:22 AM,152537.1 km,5.4 (km/h) SE,"6325 106 Avenue Southeast, Calgary, Calgary, AB, T2C"
Odometer (km),Location,RCLU24580,01/18/2025,09:22 AM,38612.5 km,82.6 (km/h) NE,"7037 Lougheed Highway, Harrison Hot Springs, Harrison Hot Springs, BC, V0M 1K0"
Odometer (km),Location,RCLU24539,01/18/2025,09:22 AM,48574.3 km,22.6 (km/h) S,"576 British Columbia 1, Columbia-Shuswap A, Columbia-Shuswap A, BC, V0A"
Odometer (km),Location,RCLU22042,01/18/2025,09:22 AM,136221.2 km,64.1 (km/h) E,"Kenora District, ON, P0X"
Odometer (km),Location,RCLU24091,01/18/2025,09:22 AM,115129.7 km,15.7 (km/h) S,"279 Main St, Thunder Bay, ON, P7B"
Odometer (km),Location,RCLU21006,01/18/2025,09:22 AM,294485.7 km,85.9 (km/h) NE,"21704 Lougheed Hwy / Hwy-7, Seabird Island Indian Reserve, Kent, BC, V0M"
Odometer (km),Location,RCLU24597,01/18/2025,09:22 AM,34223.1 km,65.0 (km/h) E,"1000 Jones Road, Kenora, Kenora, ON, P0V"
Odometer (km),Location,RCLU22015,01/18/2025,09:22 AM,191146.9 km,90.7 (km/h) NW,"Township Road 192A, Rosemary, Newell County No. 4, AB, T0J 2W0"
Odometer (km),Location,RCLU22071,01/18/2025,09:22 AM,102601.8 km,16.3 (km/h) S,"Main Street, Thunder Bay, Thunder Bay, ON, P7B"
Odometer (km),Location,RCLU24586,01/18/2025,09:22 AM,37065.4 km,5.9 (km/h) E,"1550 Manitoba Street East, Moose Jaw, Moose Jaw, SK, S6H 0A7"
Odometer (km),Location,RCLU22052,01/18/2025,09:22 AM,215368.9 km,92.0 (km/h) NW,"Township Road 192A, Rosemary, Newell County No. 4, AB, T0J 2W0"
Odometer (km),Location,RCLU22018,01/18/2025,09:22 AM,59270.8 km,90.9 (km/h) NW,"Newell County No 4, AB, T0J"
Odometer (km),Location,RC94874,01/18/2025,09:22 AM,261839.2 km,40.4 (km/h) SW,"4750 Trans-Canada Highway, Fraser Valley A, Fraser Valley A, BC, V0X"
Odometer (km),Location,RCLU18015,01/18/2025,09:22 AM,227091.6 km,91.7 (km/h) NW,"Unnamed Road, Rosemary, Newell County No. 4, AB, T0J 2W0"
Odometer (km),Location,175058RX,01/18/2025,09:22 AM,690261.2 km,110.6 (km/h) W,"Hwy-1 / Trans Canada Hwy//W, North Norfolk, MB, R0H"
Odometer (km),Location,RCLU22005,01/18/2025,09:22 AM,201804.2 km,65.9 (km/h) NE,"Trans-Canada Highway, Improvement District No. 9, Improvement District No. 9, AB, T0L"
Odometer (km),Location,RCLU24506,01/18/2025,09:22 AM,40445.0 km,26.5 (km/h) W,"Unnamed Road, Moose Jaw, Moose Jaw, SK, S6H 1M2"
Odometer (km),Location,RCLU22037,01/18/2025,09:22 AM,194765.4 km,65.2 (km/h) NE,"Trans-Canada Highway, Improvement District No. 9, Improvement District No. 9, AB, T0L"
Odometer (km),Location,RCLU18027,01/18/2025,09:22 AM,719044.9 km,40.0 (km/h) SW,"4750 Trans-Canada Highway, Fraser Valley A, Fraser Valley A, BC, V0X"
Odometer (km),Location,RCLU22077,01/18/2025,09:22 AM,174453.7 km,63.5 (km/h) E,"Kenora District, ON, P0X"
Odometer (km),Location,RCLU22053,01/18/2025,09:22 AM,188495.6 km,54.6 (km/h) NE,"404 Bolingbroke Station Road, Maberly, Tay Valley, ON, K0H 2B0"
Odometer (km),Location,RC94854,01/18/2025,09:22 AM,466054.3 km,65.5 (km/h) NE,"Trans-Canada Highway, Improvement District No. 9, Improvement District No. 9, AB, T0L"
Odometer (km),Location,RCLU24092,01/18/2025,09:22 AM,89665.5 km,65.7 (km/h) NE,"Trans-Canada Highway, Improvement District No. 9, Improvement District No. 9, AB, T0L"
Odometer (km),Location,RCLU21067,01/18/2025,09:22 AM,285871.5 km,63.5 (km/h) E,"2038 Kenora Bypass, Kenora, Kenora, Unorganized, ON, P0V"
Odometer (km),Location,RCLU24074,01/18/2025,09:22 AM,85241.2 km,71.9 (km/h) SE,"299 Veley Ln, Oliver Paipoonge, ON, P0T"
Odometer (km),Location,RCLU22003,01/18/2025,09:22 AM,142642.9 km,91.5 (km/h) NW,"Newell County No 4, AB, T0J"
Odometer (km),Location,RCLU24593,01/18/2025,09:22 AM,32485.1 km,65.6 (km/h) NE,"Trans-Canada Highway, Improvement District No. 9, Improvement District No. 9, AB, T0L"
Odometer (km),Location,RCLU22107,01/18/2025,09:22 AM,146669.6 km,65.7 (km/h) NE,"Hwy-1 / Trans Canada Hwy//E, Alberta, AB, T0L"
Odometer (km),Location,RCLU18010,01/18/2025,09:22 AM,58979.8 km,62.8 (km/h) E,"Kenora, ON, P9N"
Odometer (km),Location,RCLU16072,01/18/2025,09:22 AM,869159.7 km,62.7 (km/h) E,"Kenora District, ON, P0X"
Odometer (km),Location,RCLU22046,01/18/2025,09:22 AM,209021.7 km,65.4 (km/h) NE,"Trans-Canada Highway, Improvement District No. 9, Improvement District No. 9, AB, T0L"
Odometer (km),Location,RCLU21008,01/18/2025,09:22 AM,270627.6 km,62.6 (km/h) E,"Kenora District, ON, P0X"
Odometer (km),Location,RC94810,01/18/2025,09:22 AM,283181.4 km,62.6 (km/h) E,"Kenora District, ON, P0X"
Odometer (km),Location,RCLU22023,01/18/2025,09:22 AM,196205.3 km,73.9 (km/h) NW,"477 Rte-289:Fre, St-Jean-De-La-Lande:Fre, QC, G0L"
Odometer (km),Location,RCLU18005,01/18/2025,09:22 AM,719026.9 km,70.7 (km/h) SE,"299 Veley Ln, Oliver Paipoonge, ON, P0T"
Odometer (km),Location,RCLU18013,01/18/2025,09:22 AM,94745.7 km,39.4 (km/h) SW,"Hwy-1 / Trans Canada Hwy, Fraser Valley, BC, V0K"
Odometer (km),Location,RCLU24008,01/18/2025,09:22 AM,116279.3 km,71.3 (km/h) W,"Provincial Road 351, Carberry, North Cypress, MB, R0K 0H0"
Odometer (km),Location,RCLU21017,01/18/2025,09:22 AM,303855.7 km,61.9 (km/h) E,"Kenora Bypass, Kenora, Unorganized, Kenora, Unorganized, ON, P0V"
Odometer (km),Location,RCLU24562,01/18/2025,09:22 AM,42783.0 km,91.7 (km/h) NW,"Township Road 200, Rosemary, Newell County No. 4, AB, T0J 2W0"
Odometer (km),Location,RCLU22055,01/18/2025,09:22 AM,204407.2 km,70.0 (km/h) SE,"10843 John Street Rd, Oliver Paipoonge, ON, P0T"
Odometer (km),Location,RCLU22089,01/18/2025,09:22 AM,20277.9 km,65.2 (km/h) NE,"Trans-Canada Highway, Improvement District No. 9, Improvement District No. 9, AB, T0L"
Odometer (km),Location,RC94842,01/18/2025,09:22 AM,848687.2 km,50.6 (km/h) NE,"Bolingbroke Station Road, Maberly, Tay Valley, ON, K0H 2B0"
Odometer (km),Location,RCLU22102,01/18/2025,09:22 AM,127357.3 km,70.0 (km/h) SE,"10833 John Street Rd, Oliver Paipoonge, ON, P0T"
Odometer (km),Location,RCLU16018,01/18/2025,09:22 AM,4880.2 km,40.6 (km/h) NE,"Trans-Canada Highway, Malakwa, Columbia-Shuswap E, BC, V0E 2J0"
Odometer (km),Location,RCLU24073,01/18/2025,09:22 AM,121032.5 km,38.7 (km/h) W,"Hwy-17 / Trans Canada Hwy, Thunder Bay District, ON, P0T"
Odometer (km),Location,RCLU24510,01/18/2025,09:22 AM,34164.8 km,39.6 (km/h) NW,"8102 King St, Bolton, Caledon, ON, L7E"
Odometer (km),Location,RCLU21005,01/18/2025,09:21 AM,243214.4 km,20.4 (km/h) SE,"Winnipeg, MB, R2X"
Odometer (km),Location,RCLU24549,01/18/2025,09:21 AM,28768.4 km,70.0 (km/h) SE,"10829 John Street Road, Murillo, Oliver Paipoonge, ON, P0T 2G0"
Odometer (km),Location,RCLU21042,01/18/2025,09:21 AM,314543.7 km,40.4 (km/h) NW,"14091 Humber Station Road, Caledon, Caledon, ON, L7E 0Z9"
Odometer (km),Location,RCLU22063,01/18/2025,09:21 AM,166418.2 km,70.4 (km/h) SE,"10843 John Street Rd, Oliver Paipoonge, ON, P0T"
Odometer (km),Location,RCLU21023,01/18/2025,09:21 AM,299267.4 km,6.3 (km/h) E,"8th Ave SE, Moose Jaw, SK, S6H"
Odometer (km),Location,RCLU22029,01/18/2025,09:21 AM,201510.6 km,5.7 (km/h) E,"8th Ave SE, Moose Jaw, SK, S6H"
Odometer (km),Location,RC94806,01/18/2025,09:20 AM,581990.9 km,19.0 (km/h) E,"Winnipeg, MB, R2X"
Odometer (km),Location,RC94883,01/18/2025,09:20 AM,343456.5 km,20.6 (km/h) SE,"Winnipeg, MB, R2X"
Odometer (km),Location,RCLU24090,01/18/2025,09:20 AM,100271.3 km,4.4 (km/h) E,"Lorne Avenue, Moose Jaw, Moose Jaw, SK, S6H 0A6"
Odometer (km),Location,RCLU16087,01/18/2025,09:20 AM,762212.9 km,5.0 (km/h) E,"Selwyn St, Moose Jaw, SK, S6H"
Odometer (km),Location,RCLU18006,01/18/2025,09:20 AM,778243.2 km,35.2 (km/h) S,"Hwy-1 / Trans Canada Hwy, Fraser Valley, BC, V0K"
Odometer (km),Location,RC94844,01/18/2025,09:20 AM,345732.1 km,71.3 (km/h) NW,"Unnamed Road, Nicholson, Sudbury, Unorganized, North Part, ON, P0M"
Odometer (km),Location,RCLU16092,01/18/2025,09:20 AM,139138.7 km,20.7 (km/h) S,"300 Mooney Ave, Thunder Bay, ON, P7B"
Odometer (km),Location,RCLU21069,01/18/2025,09:20 AM,300013.1 km,70.9 (km/h) NW,"Sudbury District, ON, P0M"
Odometer (km),Location,RC94882,01/18/2025,09:20 AM,397301.5 km,23.5 (km/h) S,"300 Central Avenue, Thunder Bay, Thunder Bay, ON, P7B 5R5"
Odometer (km),Location,RCLU18029,01/18/2025,09:20 AM,772874.4 km,39.9 (km/h) S,"Hwy-1 / Trans Canada Hwy, Fraser Valley, BC, V0K"
Odometer (km),Location,RC94862,01/18/2025,09:20 AM,805191.9 km,39.3 (km/h) S,"Hwy-1 / Trans Canada Hwy, Fraser Valley, BC, V0K"
Odometer (km),Location,RCLU16060,01/18/2025,09:19 AM,612505.7 km,64.4 (km/h) SE,"Wrigley Drive, Murillo, Oliver Paipoonge, ON, P0T 2G0"
Odometer (km),Location,RCLU22022,01/18/2025,09:19 AM,201795.2 km,70.2 (km/h) N,"Sudbury District, ON, P0M"
Odometer (km),Location,RCLU21070,01/18/2025,09:19 AM,277001.5 km,2.2 (km/h) S,"Brampton, ON, L6T"
Odometer (km),Location,RCLU24082,01/18/2025,09:19 AM,6163.7 km,1.9 (km/h) N,"Brampton, ON, L6T"
Odometer (km),Location,RCLU21048,01/18/2025,09:19 AM,279095.6 km,70.0 (km/h) NW,"Sudbury District, ON, P0M"
Odometer (km),Location,RCLU24595,01/18/2025,09:19 AM,21694.8 km,35.0 (km/h) NW,"Coldwell Rd, Thunder Bay District, ON, P0T"
Odometer (km),Location,RCLU22041,01/18/2025,09:18 AM,176020.3 km,54.8 (km/h) NW,"Lac Baker Parish, NB, E7A"
Odometer (km),Location,RCLU16065,01/18/2025,09:18 AM,721937.8 km,41.0 (km/h) S,"Hwy-1 / Trans Canada Hwy, Fraser Valley, BC, V0K"
Odometer (km),Location,RCLU18019,01/18/2025,09:18 AM,123936.7 km,72.3 (km/h) N,"Sudbury District, ON, P0M"
Odometer (km),Location,RC94821,01/18/2025,09:18 AM,227229.6 km,6.6 (km/h) E,"43 Selwyn Street, Moose Jaw, Moose Jaw, SK, S6H 0A6"
Odometer (km),Location,RCLU16085,01/18/2025,09:17 AM,274150.2 km,6.7 (km/h) E,"Selwyn St, Moose Jaw, SK, S6H"
Odometer (km),Location,RCLU16053,01/18/2025,09:17 AM,961211.2 km,2.8 (km/h) W,"2777 190 St, Surrey, BC, V3S"
Odometer (km),Location,RC94829,01/18/2025,09:17 AM,746161.1 km,71.7 (km/h) N,"Sudbury District, ON, P0M"
Odometer (km),Location,RC94875,01/18/2025,09:17 AM,850783.3 km,59.0 (km/h) S,"80 Lynn Rd, Oliver Paipoonge, ON, P0T"
Odometer (km),Location,RCLU21029,01/18/2025,09:16 AM,42271.7 km,62.8 (km/h) E,"Vermilion Lakes Road, Banff, Improvement District No. 9, AB, T0L"
Odometer (km),Location,RC94828,01/18/2025,09:16 AM,502306.9 km,68.2 (km/h) NW,"Sudbury District, ON, P0M"
Odometer (km),Location,RCLU22021,01/18/2025,09:16 AM,189841.2 km,67.2 (km/h) NW,"Sudbury District, ON, P0M"
Odometer (km),Location,RCLU16086,01/18/2025,09:16 AM,209118.7 km,67.6 (km/h) W,"Sudbury District, ON, P0M"
Odometer (km),Location,RCLU24044,01/18/2025,09:16 AM,44792.0 km,65.7 (km/h) W,"Sudbury District, ON, P0M"
Odometer (km),Location,RCLU21013,01/18/2025,09:16 AM,304934.3 km,66.1 (km/h) NW,"Unnamed Road, Sudbury, Unorganized, North Part, Sudbury, Unorganized, North Part, ON, P0M"
Odometer (km),Location,RCLU22007,01/18/2025,09:16 AM,86161.8 km,80.9 (km/h) E,"Pioneer Ave, Agassiz, Kent, BC, V0M"
Odometer (km),Location,RC94808,01/18/2025,09:15 AM,714254.8 km,63.9 (km/h) W,"Sudbury District, ON, P0M"
Odometer (km),Location,RCLU22034,01/18/2025,09:15 AM,204969.8 km,63.9 (km/h) W,"Sudbury District, ON, P0M"
Odometer (km),Location,RCLU21053,01/18/2025,09:15 AM,247526.2 km,53.3 (km/h) E,"161 Homestake Road, Kenora, Kenora, ON, P9N 0H4"
Odometer (km),Location,RCLU21052,01/18/2025,09:15 AM,230348.6 km,63.0 (km/h) W,"Unnamed Road, Sudbury, Unorganized, North Part, Sudbury, Unorganized, North Part, ON, P0M"
Odometer (km),Location,RCLU16010,01/18/2025,09:15 AM,498705.4 km,63.2 (km/h) W,"Sudbury District, ON, P0M"
Odometer (km),Location,RCLU22114,01/18/2025,09:15 AM,140813.3 km,83.7 (km/h) NW,"Range Road 155A, Newell County No 4, AB, T0J"
Odometer (km),Location,RCLU22043,01/18/2025,09:15 AM,190323.3 km,62.4 (km/h) W,"Sudbury District, ON, P0M"
Odometer (km),Location,RCLU16095,01/18/2025,09:14 AM,895486.4 km,63.7 (km/h) NW,"Sudbury District, ON, P0M"
Odometer (km),Location,RCLU24550,01/18/2025,09:14 AM,37643.7 km,30.7 (km/h) SW,"82 Water St S, Thunder Bay, ON, P7B"
Odometer (km),Location,RCLU16043,01/18/2025,09:14 AM,822035.2 km,63.3 (km/h) W,"Sudbury District, ON, P0M"
Odometer (km),Location,RCLU24043,01/18/2025,09:13 AM,103247.1 km,18.1 (km/h) E,"4961 98 Ave SE, Calgary, AB, T2C"
Odometer (km),Location,ELFC4850,01/18/2025,09:12 AM,364994.4 km,102.2 (km/h) E,"Veteran's Memorial Highway, Shubenacadie, East Hants, NS, B0N 2H0"
Odometer (km),Location,RCLU24508,01/18/2025,09:12 AM,34518.5 km,76.1 (km/h) W,"Township Road 190, Duchess, Newell County No. 4, AB, T0J 0Z0"
Odometer (km),Location,RC94824,01/18/2025,09:09 AM,235054.4 km,55.5 (km/h) E,"2874 Lougheed Highway, Agassiz, Kent, BC, V0M 1A1"
Odometer (km),Location,RCLU16071,01/18/2025,09:07 AM,48554.4 km,24.9 (km/h) S,"6349 Cr-10, Essa, ON, L9R"
Odometer (km),Location,RCLU16073,01/18/2025,09:03 AM,464212.8 km,42.3 (km/h) SE,"Tuckkwiowhum Indian Reserve 1, Fraser Valley, BC, V0K"
Odometer (km),Location,RCLU22105,01/18/2025,09:02 AM,111945.3 km,53.7 (km/h) N,"Unnamed Road, Esher, Sudbury, Unorganized, North Part, ON, P0M"
Odometer (km),Location,RCLU16026,01/18/2025,09:00 AM,335114.3 km,5.6 (km/h) S,"151 Ontario 612, MacTier, Seguin, ON, P0C 1H0"
Odometer (km),Location,RCLU16064,01/18/2025,09:00 AM,760806.9 km,5.6 (km/h) SW,"151 Ontario 612, MacTier, Seguin, ON, P0C 1H0"
Odometer (km),Location,RCLU21027,01/18/2025,08:59 AM,195143.6 km,56.5 (km/h) NE,"Sudbury District, ON, P0M"
Odometer (km),Location,RCLU24088,01/18/2025,08:57 AM,93789.2 km,48.3 (km/h) SE,"Ontario 129, Devon, Sudbury, Unorganized, North Part, ON, P0M"
Odometer (km),Location,RCLU16027,01/18/2025,08:57 AM,715854.0 km,47.5 (km/h) SE,"Ontario 129, Devon, Sudbury, Unorganized, North Part, ON, P0M"
Odometer (km),Location,RC94887,01/18/2025,08:52 AM,760546.2 km,29.7 (km/h) SE,"Sudbury, Unorganized, North Part, Sudbury, Unorganized, North Part, ON, P0M"
Odometer (km),Location,RCLU24564,01/18/2025,08:46 AM,31189.9 km,42.2 (km/h) SE,"Hwy-101, Sudbury District, ON, P0M"
Odometer (km),Location,RCLU22111,01/18/2025,08:45 AM,93200.5 km,6.7 (km/h) SW,"1029 Henry Avenue, Winnipeg, Winnipeg, MB, R3E 1V6"
Odometer (km),Location,RCLU22080,01/18/2025,08:44 AM,149142.7 km,2.4 (km/h) W,"442 Higgins Avenue, Winnipeg, Winnipeg, MB, R3A 1S5"
Odometer (km),Location,RCLU24603,01/18/2025,08:44 AM,49533.2 km,3.7 (km/h) W,"Main St, Winnipeg, MB, R3B"
Odometer (km),Location,RCLU21046,01/18/2025,08:44 AM,280168.8 km,2.6 (km/h) NW,"398 Princess St, Winnipeg, MB, R3B"
Odometer (km),Location,RCLU22085,01/18/2025,08:44 AM,124684.7 km,2.8 (km/h) W,"Lizzie St, Winnipeg, MB, R3A"
Odometer (km),Location,RC94837,01/18/2025,08:44 AM,527287.4 km,2.8 (km/h) NW,"Arlington Street, Winnipeg, Winnipeg, MB"
Odometer (km),Location,RCLU22059,01/18/2025,08:44 AM,210838.0 km,2.8 (km/h) NW,"399 Stanley St, Winnipeg, MB, R3A"
Odometer (km),Location,RCLU24500,01/18/2025,08:44 AM,44665.2 km,3.0 (km/h) NW,"1098 Arlington Street, Winnipeg, Winnipeg, MB, R3E 2G6"
Odometer (km),Location,RCLU22067,01/18/2025,08:44 AM,139326.3 km,2.4 (km/h) NW,"1098 Arlington Street, Winnipeg, Winnipeg, MB, R3E 2G6"
Odometer (km),Location,RC94836,01/18/2025,08:43 AM,313000.1 km,80.8 (km/h) E,"Decimal, Decimal, MB, R0E 2H0"
Odometer (km),Location,RCLU22062,01/18/2025,08:43 AM,214047.0 km,2.0 (km/h) S,"Pitt Meadows, BC, V3Y"
Odometer (km),Location,RCLU16100,01/18/2025,08:24 AM,879409.7 km,3.2 (km/h) SE,"Kleinburg, Vaughan, ON, L0J"
Odometer (km),Location,RCLU16055,01/18/2025,08:10 AM,107963.9 km,21.8 (km/h) NW,"713 Nashville Rd, Kleinburg, Vaughan, ON, L0J"
Odometer (km),Location,RCLU24084,01/18/2025,07:03 AM,93484.8 km,39.8 (km/h) E,"745 W County Road 48 S, Garrett, Garrett, IN, 46738"
Odometer (km),Location,RCLU24007,01/17/2025,03:26 PM,99860.3 km,80.2 (km/h) E,"Hwy-1 / Trans Canada Hwy//E, Sifton Rm, MB, R0M"
Odometer (km),Location,RCLU24002,01/18/2025,09:23 AM,0.0 km,Stationary,"696 North 8th Street, Brawley, Brawley, CA, 92227"
Odometer (km),Location,RCLU24023,01/18/2025,09:23 AM,0.0 km,Stationary,"Calgary, AB, T2C"
Odometer (km),Location,RCLU21045,01/18/2025,09:23 AM,0.0 km,Stationary,"2639 190 St, Surrey, BC, V3S"
Odometer (km),Location,RCLU24577,01/18/2025,09:23 AM,0.0 km,Stationary,"12003 163 Street Northwest, Edmonton, Edmonton, AB, T5V 1P9"
Odometer (km),Location,RCLU22051,01/18/2025,09:23 AM,0.0 km,Stationary,"182 Deerhurst Dr, Brampton, ON, L6T"
Odometer (km),Location,RCLU24061,01/18/2025,09:23 AM,0.0 km,Stationary,"12039 163 St NW, Edmonton, AB, T5V"
Odometer (km),Location,RCLU24048,01/18/2025,09:23 AM,0.0 km,Stationary,"98 Driver Rd, Brampton, ON, L6T"
Odometer (km),Location,RCLU24547,01/18/2025,09:23 AM,0.0 km,Stationary,"3740 99 Street Northwest, Edmonton, Edmonton, AB, T6E 6J7"
Odometer (km),Location,RCLU24028,01/18/2025,09:23 AM,0.0 km,Stationary,"55 Rue De Vaudreuil:Fre, Boucherville:Fre, QC, J4B"
Odometer (km),Location,RCLU24055,01/18/2025,09:23 AM,0.0 km,Stationary,"18018 Kennedy Road, Pitt Meadows, Pitt Meadows, BC, V3Y 2V7"
Odometer (km),Location,RCLU24579,01/18/2025,09:23 AM,0.0 km,Stationary,"2098 Clements Rd, Pickering, ON, L1W"
Odometer (km),Location,RCLU24047,01/18/2025,09:23 AM,0.0 km,Stationary,"65 Rue De Vaudreuil:Fre, Boucherville:Fre, QC, J4B"
Odometer (km),Location,RCLU24565,01/18/2025,09:23 AM,0.0 km,Stationary,"Pitt Meadows, BC, V3Y"
Odometer (km),Location,RCLU24548,01/18/2025,09:23 AM,0.0 km,Stationary,"Trans-Canada Highway, Improvement District No. 9, Improvement District No. 9, AB, T0L"
Odometer (km),Location,RCLU24575,01/18/2025,09:23 AM,0.0 km,Stationary,"108 Deerhurst Dr, Brampton, ON, L6T"
Odometer (km),Location,RCLU24545,01/18/2025,09:23 AM,0.0 km,Stationary,"1981 Chemin St-Fran?Ois:Fre, Dorval, QC, H9P"
Odometer (km),Location,RCLU24060,01/18/2025,09:23 AM,0.0 km,Stationary,"Manitoba St E, Moose Jaw, SK, S6J"
Odometer (km),Location,RCLU24067,01/18/2025,09:23 AM,0.0 km,Stationary,"Stornoway Ave, Moncton, NB, E1H"
Odometer (km),Location,RCLU24093,01/18/2025,09:23 AM,0.0 km,Stationary,"Pitt Meadows, BC, V3Y"
Odometer (km),Location,RCLU24083,01/18/2025,09:23 AM,0.0 km,Stationary,"Halifax, NS, B3K"
Odometer (km),Location,RCLU24005,01/18/2025,09:23 AM,0.0 km,Stationary,"45 Freeport Blvd NE, Calgary, AB, T3J"
Odometer (km),Location,RCLU24581,01/18/2025,09:23 AM,0.0 km,Stationary,"14219 Humber Station Rd, Bolton, Caledon, ON, L7E"
Odometer (km),Location,RCLU24553,01/18/2025,09:23 AM,0.0 km,Stationary,"16267 121A Ave NW, Edmonton, AB, T5V"
Odometer (km),Location,RCLU24556,01/18/2025,09:23 AM,0.0 km,Stationary,"Concession Road 3, Upsala, Unorganized Thunder Bay District, ON, P0T"
Odometer (km),Location,RCLU24064,01/18/2025,09:23 AM,0.0 km,Stationary,"55 Freeport Boulevard Northeast, Calgary, Calgary, AB, T3J 4X8"
Odometer (km),Location,RCLU24076,01/18/2025,09:23 AM,0.0 km,Stationary,"2789 190 St, Surrey, BC, V3S"
Odometer (km),Location,RCLU24072,01/18/2025,09:23 AM,0.0 km,Stationary,"7884 Heritage Road, Brampton, Brampton, ON, L6Y 0B3"
Odometer (km),Location,RCLU24059,01/18/2025,09:23 AM,0.0 km,Stationary,"Newell County No 4, AB, T0J"
Odometer (km),Location,RCLU24078,01/18/2025,09:23 AM,0.0 km,Stationary,"1145 Higgins Avenue, Winnipeg, Winnipeg, MB, R3E 3P2"
Odometer (km),Location,RCLU22035,01/18/2025,09:23 AM,0.0 km,Stationary,"Heritage Road, Brampton, Brampton, ON, L6Y 0B3"
Odometer (km),Location,RCLU24052,01/18/2025,09:23 AM,0.0 km,Stationary,"Los Angeles, Commerce, CA, 90023"
Odometer (km),Location,RCLU24085,01/18/2025,09:23 AM,0.0 km,Stationary,"Banff Legacy Trail, Improvement District No. 9, Improvement District No. 9, AB, T0L"
Odometer (km),Location,RCLU24075,01/18/2025,09:23 AM,0.0 km,Stationary,"1555 South McBride Avenue, Los Angeles, Los Angeles, CA, 90040"
Odometer (km),Location,RCLU24576,01/18/2025,09:23 AM,0.0 km,Stationary,"1136 Browning Street West, Moose Jaw, Moose Jaw, SK, S6H 5A3"
Odometer (km),Location,RCLU21051,01/18/2025,09:23 AM,0.0 km,Stationary,"Calgary, AB, T2C"
Odometer (km),Location,RCLU24030,01/18/2025,09:23 AM,0.0 km,Stationary,"1532 South Sunol Drive, Los Angeles, Los Angeles, CA, 90023"
Odometer (km),Location,RCLU24013,01/18/2025,09:23 AM,0.0 km,Stationary,"6283 Cr-10, Essa, ON, L9R"
Odometer (km),Location,RCLU24054,01/18/2025,09:23 AM,0.0 km,Stationary,"77 Coronation Street, Kleinburg, Vaughan, ON, L0J 1C0"
Odometer (km),Location,RCLU24503,01/18/2025,09:23 AM,0.0 km,Stationary,"Manitoba St E, Moose Jaw, SK, S6J"
Odometer (km),Location,RCLU24514,01/18/2025,09:23 AM,0.0 km,Stationary,"Calgary, AB, T2C"
Odometer (km),Location,RCLU24578,01/18/2025,09:23 AM,0.0 km,Stationary,"10889 Barlow Trl NE, Calgary, AB, T3N"
Odometer (km),Location,RCLU24521,01/18/2025,09:23 AM,0.0 km,Stationary,"Calgary, AB, T2C"
Odometer (km),Location,RCLU24511,01/18/2025,09:23 AM,0.0 km,Stationary,"345 Lizzie Street, Winnipeg, Winnipeg, MB, R3A"
Odometer (km),Location,RCLU24555,01/18/2025,09:23 AM,0.0 km,Stationary,"Kenora, ON, P9N"
Odometer (km),Location,RC94893,01/18/2025,09:23 AM,0.0 km,Stationary,"80 Rue de Vaudreuil, Boucherville, Boucherville, QC, J4B 5G4"
Odometer (km),Location,RCLU24509,01/18/2025,09:23 AM,0.0 km,Stationary,"1191 Arlington St, Winnipeg, MB, R2X"
Odometer (km),Location,RCLU24554,01/18/2025,09:23 AM,0.0 km,Stationary,"14199 Humber Station Rd, Bolton, Caledon, ON, L7E"
Odometer (km),Location,RCLU24094,01/18/2025,09:23 AM,0.0 km,Stationary,"Halifax, NS, B3K"
Odometer (km),Location,RCLU24568,01/18/2025,09:23 AM,0.0 km,Stationary,"Kenora Bypass, Kenora, Unorganized, Kenora, Unorganized, ON, P0V"
Odometer (km),Location,RCLU24544,01/18/2025,09:23 AM,0.0 km,Stationary,"14163 Humber Station Rd, Bolton, Caledon, ON, L7E"
Odometer (km),Location,RCLU24056,01/18/2025,09:23 AM,0.0 km,Stationary,"Calgary, AB, T2C"
Odometer (km),Location,RCLU24033,01/18/2025,09:23 AM,0.0 km,Stationary,"Wheatlands No 163, SK, S0H"
Odometer (km),Location,RCLU24039,01/18/2025,09:23 AM,0.0 km,Stationary,"7075 Highway 1 west, Parkbeg, Wheatlands No. 163, SK, S0H 3K0"
Odometer (km),Location,RCLU24026,01/18/2025,09:23 AM,0.0 km,Stationary,"Kleinburg, Vaughan, ON, L0J"
Odometer (km),Location,RCLU24034,01/18/2025,09:23 AM,0.0 km,Stationary,"Freeport Dr NE, Calgary, AB, T3J"
Odometer (km),Location,RCLU24003,01/18/2025,09:23 AM,0.0 km,Stationary,"Lougheed Highway, Pitt Meadows, Pitt Meadows, BC, V3Y"
Odometer (km),Location,RCLU22030,01/18/2025,09:22 AM,205849.8 km,Stationary,"77 Coronation Street, Kleinburg, Vaughan, ON, L0J 1C0"
Odometer (km),Location,RCLU16056,01/18/2025,09:22 AM,71925.0 km,Stationary,"Kleinburg, Vaughan, ON, L0J"
Odometer (km),Location,RCLU16039,01/18/2025,09:22 AM,640819.6 km,Stationary,"Lorne Avenue, Moose Jaw, Moose Jaw, SK, S6H 0A6"
Odometer (km),Location,RCLU21059,01/18/2025,09:22 AM,289740.1 km,Stationary,"Kleinburg, Vaughan, ON, L0J"
Odometer (km),Location,RC94846,01/18/2025,09:22 AM,818520.9 km,Stationary,"3805 Gateway Boulevard, Edmonton, Edmonton, AB, T6J 5H2"
Odometer (km),Location,RC94839,01/18/2025,09:22 AM,48652.7 km,Stationary,"160 Deerhurst Dr, Brampton, ON, L6T"
Odometer (km),Location,RCLU16075,01/18/2025,09:22 AM,968070.3 km,Stationary,"19 Bedford Hwy, Halifax, NS, B3M"
Odometer (km),Location,RCLU22060,01/18/2025,09:22 AM,205808.0 km,Stationary,"13 Bedford Hwy, Halifax, NS, B3M"
Odometer (km),Location,RCLU24531,01/18/2025,09:22 AM,47316.3 km,Stationary,"186 Douglas Street, Sudbury, Sudbury, ON"
Odometer (km),Location,RCLU16067,01/18/2025,09:22 AM,971247.5 km,Stationary,No GPS available
Odometer (km),Location,RCLU22084,01/18/2025,09:22 AM,90453.6 km,Stationary,"53 Industry Way Southeast, Calgary, Calgary, AB, T3S 0B5"
Odometer (km),Location,RCLU18001,01/18/2025,09:21 AM,717854.7 km,Stationary,"Kleinburg, Vaughan, ON, L0J"
Odometer (km),Location,RCLU24045,01/18/2025,09:21 AM,94076.9 km,Stationary,"35 Galloway St, Moncton, NB, E1H"
Odometer (km),Location,175059RX,01/18/2025,09:21 AM,553830.2 km,Stationary,"2500 27 St NE, Calgary, AB, T1Y"
Odometer (km),Location,RCLU22113,01/18/2025,09:21 AM,133064.7 km,Stationary,"499 Achilles Rd, Ajax, ON, L1Z"
Odometer (km),Location,RCLU24081,01/18/2025,09:21 AM,63627.7 km,Stationary,"St-Laurent:Fre, Montreal, QC, H4T"
Odometer (km),Location,RCLU22027,01/18/2025,09:21 AM,23838.7 km,Stationary,"St-Laurent:Fre, Montreal, QC, H4T"
Odometer (km),Location,RCLU21011,01/18/2025,09:21 AM,283709.0 km,Stationary,"St-Laurent:Fre, Montreal, QC, H4T"
Odometer (km),Location,RCLU21003,01/18/2025,09:21 AM,261404.6 km,Stationary,"St-Laurent:Fre, Montreal, QC, H4T"
Odometer (km),Location,RCLU24558,01/18/2025,09:21 AM,41554.3 km,Stationary,"Heritage Road, Brampton, Brampton, ON, L6Y 0B3"
Odometer (km),Location,RCLU21062,01/18/2025,09:21 AM,276940.9 km,Stationary,"6353 County Road 10, Essa, Essa, ON, L9R 1V2"
Odometer (km),Location,ELFC5004,01/18/2025,09:21 AM,369240.0 km,Stationary,"Dartmouth, Halifax, NS"
Odometer (km),Location,RC94878,01/18/2025,09:21 AM,339536.6 km,Stationary,"102 Wellington Avenue East, Oshawa, Oshawa, ON, L1H 5N9"
Odometer (km),Location,RCLU21031,01/18/2025,09:21 AM,276609.8 km,Stationary,"Alexandra Avenue, Mortlach, Wheatlands No. 163, SK, S0H 3E0"
Odometer (km),Location,RC94841,01/18/2025,09:21 AM,704715.3 km,Stationary,"Unnamed Road, Mortlach, Wheatlands No. 163, SK, S0H 3E0"
Odometer (km),Location,RCLU18020,01/18/2025,09:21 AM,737334.3 km,Stationary,"Unnamed Road, Mortlach, Wheatlands No. 163, SK, S0H 3E0"
Odometer (km),Location,RCLU22100,01/18/2025,09:21 AM,133892.6 km,Stationary,"Alexandra Avenue, Mortlach, Wheatlands No. 163, SK, S0H 3E0"
Odometer (km),Location,RCLU16024,01/18/2025,09:21 AM,639132.2 km,Stationary,"17 Commerce St, Moncton, NB, E1H"
Odometer (km),Location,RCLU22020,01/18/2025,09:21 AM,190014.0 km,Stationary,"2804 188 St, Surrey, BC, V3S"
Odometer (km),Location,RCLU24504,01/18/2025,09:21 AM,49926.9 km,Stationary,"Alexandra Avenue, Mortlach, Wheatlands No. 163, SK, S0H 3E0"
Odometer (km),Location,RC94870,01/18/2025,09:21 AM,513842.6 km,Stationary,"49 Rue Fairway, Lachine, Montréal, QC, H8T 2N1"
Odometer (km),Location,RCLU24020,01/18/2025,09:21 AM,0.0 km,Stationary,"92 Deerhurst Dr, Brampton, ON, L6T"
Odometer (km),Location,RC94856,01/18/2025,09:20 AM,825577.9 km,Stationary,"Calgary, AB, T2C"
Odometer (km),Location,RCLU24541,01/18/2025,09:20 AM,41550.6 km,Stationary,"Pitt Meadows, BC, V3Y"
Odometer (km),Location,RCLU21033,01/18/2025,09:20 AM,275439.5 km,Stationary,"2906 23 Ave NE, Calgary, AB, T1Y"
Odometer (km),Location,RC94822,01/18/2025,09:20 AM,76115.7 km,Stationary,"Calgary, AB, T2C"
Odometer (km),Location,RCLU24529,01/18/2025,09:20 AM,36634.4 km,Stationary,"Calgary, AB, T2C"
Odometer (km),Location,RCLU18024,01/18/2025,09:20 AM,731094.5 km,Stationary,"Heritage Road, Brampton, Brampton, ON, L6Y 0B3"
Odometer (km),Location,RCLU22008,01/18/2025,09:20 AM,187440.2 km,Stationary,"19 Brownridge Road, Georgetown, Halton Hills, ON, L7G 0C6"
Odometer (km),Location,RCLU24019,01/18/2025,09:20 AM,85057.4 km,Stationary,"Pitt Meadows, BC, V3Y"
Odometer (km),Location,RCLU16099,01/18/2025,09:20 AM,1068407.9 km,Stationary,"33 Dufferin Place Southeast, Calgary, Calgary, AB, T2C 4W3"
Odometer (km),Location,RCLU16025,01/18/2025,09:20 AM,689233.2 km,Stationary,"Calgary, AB, T2C"
Odometer (km),Location,RCLU21057,01/18/2025,09:20 AM,307329.7 km,Stationary,"Pitt Meadows, BC, V3Y"
Odometer (km),Location,RCLU24089,01/18/2025,09:20 AM,46079.2 km,Stationary,"5138 Everest Drive, Mississauga, Mississauga, ON, L4W 2R4"
Odometer (km),Location,375067RX,01/18/2025,09:20 AM,152799.4 km,Stationary,"6941 Kennedy Road, Mississauga, Mississauga, ON, L5T 2R6"
Odometer (km),Location,RCLU24569,01/18/2025,09:20 AM,58882.0 km,Stationary,"2098 Clements Rd, Pickering, ON, L1W"
Odometer (km),Location,RCLU21038,01/18/2025,09:20 AM,336906.2 km,Stationary,"Calgary, AB, T2C"
Odometer (km),Location,RCLU24582,01/18/2025,09:20 AM,119842.3 km,Stationary,"Calgary, AB, T2C"
Odometer (km),Location,RCLU24532,01/18/2025,09:20 AM,42862.3 km,Stationary,"Calgary, AB, T2C"
Odometer (km),Location,175066RX,01/18/2025,09:20 AM,201783.8 km,Stationary,"2795 24 Ave NE, Calgary, AB, T1Y"
Odometer (km),Location,RCLU24602,01/18/2025,09:20 AM,270643.5 km,Stationary,"Wheatlands No 163, SK, S0H"
Odometer (km),Location,RCLU24587,01/18/2025,09:20 AM,53244.5 km,Stationary,"Heritage Road, Brampton, Brampton, ON, L6Y 0B3"
Odometer (km),Location,375064RX,01/18/2025,09:20 AM,125346.8 km,Stationary,"Mississauga, ON, L5T"
Odometer (km),Location,RCLU21068,01/18/2025,09:20 AM,235800.9 km,Stationary,"21204 113 Avenue Northwest, Edmonton, Edmonton, AB, T5S 1Y6"
Odometer (km),Location,RCLU22047,01/18/2025,09:20 AM,204888.4 km,Stationary,"Heritage Road, Brampton, Brampton, ON, L6Y 0B3"
Odometer (km),Location,RCLU24021,01/18/2025,09:20 AM,0.0 km,Stationary,"4 Chemin du Tremblay, Boucherville, Boucherville, QC, J4B 6Z5"
Odometer (km),Location,RCLU24566,01/18/2025,09:20 AM,0.0 km,Stationary,"Wrigley Dr, Oliver Paipoonge, ON, P0T"
Odometer (km),Location,RCLU24583,01/18/2025,09:20 AM,0.0 km,Stationary,"2926 23 Ave NE, Calgary, AB, T1Y"
Odometer (km),Location,RCLU24027,01/18/2025,09:20 AM,0.0 km,Stationary,"96 Deerhurst Dr, Brampton, ON, L6T"
Odometer (km),Location,RCLU24036,01/18/2025,09:20 AM,0.0 km,Stationary,"Calgary, AB, T2C"
Odometer (km),Location,RCLU24069,01/18/2025,09:20 AM,0.0 km,Stationary,"Calgary, AB, T2C"
Odometer (km),Location,RCLU24046,01/18/2025,09:20 AM,0.0 km,Stationary,"1098 Arlington Street, Winnipeg, Winnipeg, MB, R3E 2G6"
Odometer (km),Location,RCLU24016,01/18/2025,09:20 AM,0.0 km,Stationary,"863 Ellynwood Dr, Glen Ellyn, IL, 60137"
Odometer (km),Location,RCLU24035,01/18/2025,09:19 AM,99539.1 km,Stationary,"65 Rue De Vaudreuil:Fre, Boucherville:Fre, QC, J4B"
Odometer (km),Location,RCLU22036,01/18/2025,09:19 AM,121421.6 km,Stationary,"Brampton, ON, L6T"
Odometer (km),Location,RCLU24015,01/18/2025,09:19 AM,118288.1 km,Stationary,"110 Baig Blvd / Boulevard Baig:Fre, Moncton, NB, E1E"
Odometer (km),Location,RCLU24600,01/18/2025,09:19 AM,46301.8 km,Stationary,"6970 Kenderry Gate, Mississauga, Mississauga, ON, L5T 2S7"
Odometer (km),Location,RCLU22097,01/18/2025,09:19 AM,101579.4 km,Stationary,"Heritage Road, Brampton, Brampton, ON, L6Y 0B3"
Odometer (km),Location,RCLU22014,01/18/2025,09:19 AM,236307.4 km,Stationary,"2098 Clements Rd, Pickering, ON, L1W"
Odometer (km),Location,RCLU24524,01/18/2025,09:19 AM,47626.1 km,Stationary,"Parkbeg, Wheatlands No 163, SK, S0H"
Odometer (km),Location,RCLU22112,01/18/2025,09:19 AM,107039.3 km,Stationary,"Kleinburg, Vaughan, ON, L0J"
Odometer (km),Location,RCLU24087,01/18/2025,09:19 AM,94764.8 km,Stationary,"848 West Carson Mesa Road, Palmdale, Palmdale, CA, 93550"
Odometer (km),Location,RCLU24507,01/18/2025,09:18 AM,52090.3 km,Stationary,"19007 McMyn Road, Pitt Meadows, Pitt Meadows, BC, V3Y 2N8"
Odometer (km),Location,RCLU16015,01/18/2025,09:18 AM,43866.9 km,Stationary,"Calgary, AB, T2C"
Odometer (km),Location,RC94811,01/18/2025,09:18 AM,376353.1 km,Stationary,"Calgary, AB, T2C"
Odometer (km),Location,RC94816,01/18/2025,09:18 AM,867020.4 km,Stationary,"Kleinburg, Vaughan, ON, L0J"
Odometer (km),Location,RCLU22065,01/18/2025,09:18 AM,182379.1 km,Stationary,"Heritage Road, Brampton, Brampton, ON, L6Y 0B3"
Odometer (km),Location,RCLU18023,01/18/2025,09:18 AM,659412.5 km,Stationary,"283080 Logistics Drive, Rocky View County, Rocky View County, AB, T0M 0T0"
Odometer (km),Location,RCLU21019,01/18/2025,09:18 AM,233473.1 km,Stationary,"18921 124 Avenue, Pitt Meadows, Pitt Meadows, BC, V3Y 2H2"
Odometer (km),Location,RCLU24537,01/18/2025,09:18 AM,52766.1 km,Stationary,"12151 Davis Lane, Caledon, Caledon, ON, L7C 2X3"
Odometer (km),Location,RC94897,01/18/2025,09:18 AM,0.0 km,Stationary,"303 E Kent Ave N, Vancouver, BC, V5X"
Odometer (km),Location,RCLU24057,01/18/2025,09:18 AM,0.0 km,Stationary,"2973 Fountain St N, Cambridge, ON, N3H"
Odometer (km),Location,RCLU24062,01/18/2025,09:18 AM,0.0 km,Stationary,"Heritage Road, Brampton, Brampton, ON, L6Y 0B3"
Odometer (km),Location,RCLU18028,01/18/2025,09:17 AM,49339.7 km,Stationary,"Heritage Road, Brampton, Brampton, ON, L6Y 0B3"
Odometer (km),Location,175069RX,01/18/2025,09:17 AM,228691.1 km,Stationary,"862 British Columbia 1, Blaeberry, Columbia-Shuswap A, BC, V0A"
Odometer (km),Location,RCLU24560,01/18/2025,09:17 AM,42375.1 km,Stationary,"1099 Copperstone Dr, Pickering, ON, L1W"
Odometer (km),Location,175068RX,01/18/2025,09:17 AM,272487.9 km,Stationary,"2510 27 Street Northeast, Calgary, Calgary, AB, T1Y 7G1"
Odometer (km),Location,RCLU16054,01/18/2025,09:17 AM,854340.4 km,Stationary,"10820 68 Street Southeast, Calgary, Calgary, AB, T2C 3B8"
Odometer (km),Location,RCLU18026,01/18/2025,09:17 AM,685648.5 km,Stationary,"1405 Rue Hormidas-Deslauriers, Lachine, Montréal, QC, H8T"
Odometer (km),Location,RCLU21002,01/18/2025,09:17 AM,289774.1 km,Stationary,"Pitt Meadows, BC, V3Y"
Odometer (km),Location,RCLU22079,01/18/2025,09:17 AM,212594.3 km,Stationary,"205 Commerce Street, Moncton, Moncton, NB, E1H 3T2"
Odometer (km),Location,RCLU22056,01/18/2025,09:17 AM,198251.1 km,Stationary,"101 Devon Road, Brampton, Brampton, ON, L6T 5A4"
Odometer (km),Location,RC94863,01/18/2025,09:17 AM,401776.3 km,Stationary,"8 46e Avenue, Lachine, Montréal, QC, H8T 2P2"
Odometer (km),Location,RCLU16046,01/18/2025,09:16 AM,713728.3 km,Stationary,"Calgary, AB, T2C"
Odometer (km),Location,RCLU22039,01/18/2025,09:16 AM,204625.5 km,Stationary,"Heritage Road, Brampton, Brampton, ON, L6Y 0B3"
Odometer (km),Location,RCLU22013,01/18/2025,09:16 AM,241007.0 km,Stationary,"Heritage Road, Brampton, Brampton, ON, L6Y 0B3"
Odometer (km),Location,RCLU16098,01/18/2025,09:16 AM,18689.1 km,Stationary,"77 Coronation Street, Kleinburg, Vaughan, ON, L0J 1C0"
Odometer (km),Location,RC94891,01/18/2025,09:16 AM,56764.0 km,Stationary,"7075 Highway 1 west, Parkbeg, Wheatlands No. 163, SK, S0H 3K0"
Odometer (km),Location,375066RX,01/18/2025,09:16 AM,148553.8 km,Stationary,"Mississauga, ON, L5T"
Odometer (km),Location,RCLU16051,01/18/2025,09:16 AM,283964.9 km,Stationary,"Intermodal Dr, Brampton, ON, L6T"
Odometer (km),Location,RCLU16021,01/18/2025,09:16 AM,269074.3 km,Stationary,"2800 188 St, Surrey, BC, V3S"
Odometer (km),Location,175060RX,01/18/2025,09:16 AM,542519.0 km,Stationary,"2795 24 Ave NE, Calgary, AB, T1Y"
Odometer (km),Location,RCLU18011,01/18/2025,09:16 AM,89700.6 km,Stationary,"Heritage Road, Brampton, Brampton, ON, L6Y 0B3"
Odometer (km),Location,RCLU16061,01/18/2025,09:16 AM,55718.3 km,Stationary,"Kleinburg, Vaughan, ON, L0J"
Odometer (km),Location,RCLU21034,01/18/2025,09:16 AM,274435.6 km,Stationary,"Heritage Road, Brampton, Brampton, ON, L6Y 0B3"
Odometer (km),Location,RCLU22028,01/18/2025,09:16 AM,205372.7 km,Stationary,"Freeport Way NE, Calgary, AB, T3J"
Odometer (km),Location,RCLU24058,01/18/2025,09:16 AM,0.0 km,Stationary,"130 Rue J.-A.-Bombardier, Boucherville, Boucherville, QC, J4B 8N4"
Odometer (km),Location,RCLU24535,01/18/2025,09:16 AM,0.0 km,Stationary,"Pitt Meadows, BC, V3Y"
Odometer (km),Location,RCLU24546,01/18/2025,09:16 AM,0.0 km,Stationary,"Unnamed Road, Sudbury, Unorganized, North Part, Sudbury, Unorganized, North Part, ON, P0M"
Odometer (km),Location,RCLU24004,01/18/2025,09:16 AM,0.0 km,Stationary,"Heritage Road, Brampton, Brampton, ON, L6Y 0B3"
Odometer (km),Location,RCLU24025,01/18/2025,09:15 AM,90994.1 km,Stationary,"1500 South McDonnell Avenue, Commerce, Commerce, CA, 90040"
Odometer (km),Location,RCLU22066,01/18/2025,09:15 AM,205483.2 km,Stationary,"Calgary, AB, T2C"
Odometer (km),Location,RCLU21004,01/18/2025,09:15 AM,284936.3 km,Stationary,"Montreal, Montreal, QC"
Odometer (km),Location,RCLU22073,01/18/2025,09:15 AM,216830.8 km,Stationary,"188 Deerhurst Dr, Brampton, ON, L6T"
Odometer (km),Location,RCLU24591,01/18/2025,09:15 AM,25986.6 km,Stationary,"6353 County Road 10, Essa, Essa, ON, L9R 1V2"
Odometer (km),Location,RCLU16023,01/18/2025,09:15 AM,411001.8 km,Stationary,"Freeport Way NE, Calgary, AB, T3J"
Odometer (km),Location,RCLU24049,01/18/2025,09:15 AM,0.0 km,Stationary,"160 Commerce Street, Moncton, Moncton, NB, E1H 2S6"
Odometer (km),Location,RCLU18022,01/18/2025,09:14 AM,734864.0 km,Stationary,"Intermodal Dr, Brampton, ON, L6T"
Odometer (km),Location,RCLU24557,01/18/2025,09:14 AM,46628.9 km,Stationary,"12073 163 St NW, Edmonton, AB, T5V"
Odometer (km),Location,RCLU22092,01/18/2025,09:14 AM,86411.6 km,Stationary,"7882 Heritage Road, Brampton, Brampton, ON, L6Y"
Odometer (km),Location,RCLU16045,01/18/2025,09:14 AM,322163.4 km,Stationary,"98 Deerhurst Dr, Brampton, ON, L6T"
Odometer (km),Location,RCLU22069,01/18/2025,09:14 AM,186770.7 km,Stationary,"3650 99 Street Northwest, Edmonton, Edmonton, AB, T6E 6C8"
Odometer (km),Location,RCLU22026,01/18/2025,09:14 AM,188830.6 km,Stationary,"6353 County Road 10, Essa, Essa, ON, L9R 1V2"
Odometer (km),Location,RC94804,01/18/2025,09:14 AM,459262.6 km,Stationary,"Pitt Meadows, BC, V3Y"
Odometer (km),Location,RCLU16033,01/18/2025,09:14 AM,30978.2 km,Stationary,"Brampton, ON, L6T"
Odometer (km),Location,RC94857,01/18/2025,09:14 AM,678359.2 km,Stationary,"6830 Rutherford Road, Kleinburg, Vaughan, ON, L0J 1C0"
Odometer (km),Location,RCLU22086,01/18/2025,09:14 AM,71892.6 km,Stationary,"1995 Chemin St-Fran?Ois:Fre, Dorval, QC, H9P"
Odometer (km),Location,RCLU24526,01/18/2025,09:14 AM,29306.0 km,Stationary,"Pitt Meadows, BC, V3Y"
Odometer (km),Location,RC94869,01/18/2025,09:14 AM,835857.0 km,Stationary,"Pitt Meadows, BC, V3Y"
Odometer (km),Location,RCLU24068,01/18/2025,09:14 AM,0.0 km,Stationary,"Commerce Street, Moncton, Moncton, NB, E1H 2S6"
Odometer (km),Location,RCLU24031,01/18/2025,09:14 AM,0.0 km,Stationary,"260 Achilles Road, Ajax, Ajax, ON, L1Z"
Odometer (km),Location,RCLU24050,01/18/2025,09:14 AM,0.0 km,Stationary,"Moncton, Moncton, NB, E1H 3T2"
Odometer (km),Location,RCLU24567,01/18/2025,09:14 AM,0.0 km,Stationary,"6301 Cr-10, Essa, ON, L9R"
Odometer (km),Location,RCLU16034,01/18/2025,09:13 AM,811175.8 km,Stationary,"Intermodal Dr, Brampton, ON, L6T"
Odometer (km),Location,RCLU16077,01/18/2025,09:13 AM,479461.5 km,Stationary,"Kleinburg, Vaughan, ON, L0J"
Odometer (km),Location,RCLU24536,01/18/2025,09:13 AM,64811.7 km,Stationary,"2739 24 Ave NE, Calgary, AB, T1Y"
Odometer (km),Location,RCLU24592,01/18/2025,09:13 AM,38101.3 km,Stationary,"Davis Ln, Caledon East, Caledon, ON, L7C"
Odometer (km),Location,RCLU16059,01/18/2025,09:13 AM,406455.2 km,Stationary,"Dufferin Boulevard Southeast, Calgary, Calgary, AB, T2C 4T9"
Odometer (km),Location,RCLU16017,01/18/2025,09:13 AM,502196.8 km,Stationary,"3051 Fountain St N, Cambridge, ON, N3H"
Odometer (km),Location,RC94819,01/18/2025,09:13 AM,348069.4 km,Stationary,"Unnamed Road, Pense, Sherwood No. 159, SK, S0G 3W0"
Odometer (km),Location,RCLU16041,01/18/2025,09:13 AM,573473.5 km,Stationary,"45 Maritime Ontario Blvd, Brampton, ON, L6S"
Odometer (km),Location,RCLU16047,01/18/2025,09:13 AM,57313.6 km,Stationary,"Mississauga, ON, L5T"
Odometer (km),Location,RC94845,01/18/2025,09:12 AM,572189.0 km,Stationary,"Kleinburg, Vaughan, ON, L0J"
Odometer (km),Location,RCLU16011,01/18/2025,09:12 AM,50811.3 km,Stationary,"Intermodal Dr, Brampton, ON, L6T"
Odometer (km),Location,RCLU18007,01/18/2025,09:12 AM,718225.3 km,Stationary,"Kleinburg, Vaughan, ON, L0J"
Odometer (km),Location,RCLU22006,01/18/2025,09:12 AM,174118.9 km,Stationary,"Brampton, ON, L6T"
Odometer (km),Location,RCLU22104,01/18/2025,09:12 AM,101232.8 km,Stationary,"2337 Fountain St N, Cambridge, ON, N3H"
Odometer (km),Location,RCLU16048,01/18/2025,09:12 AM,244377.2 km,Stationary,"440 CP Lachine Intermodal Terminal, Lachine, Montreal, QC, H8T 1Y3"
Odometer (km),Location,RCLU22009,01/18/2025,09:12 AM,190020.8 km,Stationary,"Selwyn St, Moose Jaw, SK, S6H"
Odometer (km),Location,RCLU16028,01/18/2025,09:12 AM,289144.5 km,Stationary,"Intermodal Dr, Brampton, ON, L6T"
Odometer (km),Location,RCLU18025,01/18/2025,09:12 AM,145613.9 km,Stationary,"7075 Saskatchewan 627, Parkbeg, Wheatlands No. 163, SK, S0H 3K0"
Odometer (km),Location,RC94830,01/18/2025,09:12 AM,389562.3 km,Stationary,"80 Deerhurst Dr, Brampton, ON, L6T"
Odometer (km),Location,RCLU24001,01/18/2025,09:12 AM,0.0 km,Stationary,"124 Deerhurst Dr, Brampton, ON, L6T"
Odometer (km),Location,RCLU24066,01/18/2025,09:12 AM,0.0 km,Stationary,"8929 East Brundage Lane, Bakersfield, Bakersfield, CA, 93307"
Odometer (km),Location,RCLU16022,01/18/2025,09:11 AM,389282.9 km,Stationary,"Intermodal Dr, Brampton, ON, L6T"
Odometer (km),Location,RCLU16093,01/18/2025,09:11 AM,1022239.8 km,Stationary,"Freeport Way NE, Calgary, AB, T3J"
Odometer (km),Location,RCLU16066,01/18/2025,09:11 AM,301706.4 km,Stationary,"Kleinburg, Vaughan, ON, L0J"
Odometer (km),Location,RCLU24572,01/18/2025,09:11 AM,46924.7 km,Stationary,"Heritage Road, Brampton, Brampton, ON, L6Y 0B3"
Odometer (km),Location,RCLU24011,01/18/2025,09:11 AM,110546.2 km,Stationary,"2685 190 St, Surrey, BC, V3S"
Odometer (km),Location,RCLU22024,01/18/2025,09:11 AM,196062.1 km,Stationary,"114 Deerhurst Dr, Brampton, ON, L6T"
Odometer (km),Location,RCLU16081,01/18/2025,09:11 AM,1009216.0 km,Stationary,"Kleinburg, Vaughan, ON, L0J"
Odometer (km),Location,RCLU18002,01/18/2025,09:11 AM,767084.0 km,Stationary,"4 Chemin du Tremblay, Boucherville, Boucherville, QC, J4B 6Z5"
Odometer (km),Location,175061RX,01/18/2025,09:11 AM,630510.4 km,Stationary,"2500 27 St NE, Calgary, AB, T1Y"
Odometer (km),Location,RCLU16068,01/18/2025,09:11 AM,948206.0 km,Stationary,"Kleinburg, Vaughan, ON, L0J"
Odometer (km),Location,RCLU16042,01/18/2025,09:11 AM,495026.1 km,Stationary,"Commerce St, Moncton, NB, E1H"
Odometer (km),Location,RC94807,01/18/2025,09:10 AM,862435.3 km,Stationary,"2659 190 St, Surrey, BC, V3S"
Odometer (km),Location,RCLU21047,01/18/2025,09:10 AM,285363.7 km,Stationary,"8955 Innovation Avenue Southeast, Calgary, Calgary, AB, T3S 0A2"
Odometer (km),Location,RCLU16037,01/18/2025,09:10 AM,737723.3 km,Stationary,"738 Intermodal Dr, Mississauga, Brampton, ON, L6T"
Odometer (km),Location,RCLU22064,01/18/2025,09:10 AM,204311.4 km,Stationary,"Unnamed Road, Pense, Sherwood No. 159, SK, S0G 3W0"
Odometer (km),Location,RCLU22120,01/18/2025,09:10 AM,144764.5 km,Stationary,"6830 Rutherford Road, Kleinburg, Vaughan, ON, L0J 1C0"
Odometer (km),Location,RC94849,01/18/2025,09:10 AM,611963.7 km,Stationary,"7075 Saskatchewan 627, Parkbeg, Wheatlands No. 163, SK, S0H 3K0"
Odometer (km),Location,RCLU21056,01/18/2025,09:10 AM,297339.7 km,Stationary,"3007 Steeles Ave E, Brampton, ON, L6T"
Odometer (km),Location,RCLU21018,01/18/2025,09:10 AM,258092.9 km,Stationary,"4605 98 Ave SE, Calgary, AB, T2C"
Odometer (km),Location,RCLU18004,01/18/2025,09:10 AM,128786.0 km,Stationary,"43 Freeport Blvd NE, Calgary, AB, T3J"
Odometer (km),Location,RCLU21026,01/18/2025,09:10 AM,300018.9 km,Stationary,"2633 190 St, Surrey, BC, V3S"
Odometer (km),Location,RCLU24018,01/18/2025,09:10 AM,128793.1 km,Stationary,"2800 188 St, Surrey, BC, V3S"
Odometer (km),Location,RCLU18030,01/18/2025,09:10 AM,374002.2 km,Stationary,"Moncton, NB, E1E"
Odometer (km),Location,RCLU24080,01/18/2025,09:10 AM,92106.4 km,Stationary,"2665 190 St, Surrey, BC, V3S"
Odometer (km),Location,RCLU24584,01/18/2025,09:10 AM,25052.8 km,Stationary,"4429 98 Ave SE, Calgary, AB, T2C"
Odometer (km),Location,RCLU24037,01/18/2025,09:10 AM,136680.9 km,Stationary,"Stornoway Ave, Moncton, NB, E1H"
Odometer (km),Location,RCLU21021,01/18/2025,09:10 AM,61586.3 km,Stationary,"65 Rue De Vaudreuil:Fre, Boucherville:Fre, QC, J4B"
Odometer (km),Location,RCLU22101,01/18/2025,09:10 AM,115868.6 km,Stationary,"Heritage Road, Brampton, Brampton, ON, L6Y 0B3"
Odometer (km),Location,RCLU22068,01/18/2025,09:10 AM,182177.9 km,Stationary,"68 Deerhurst Dr, Brampton, ON, L6T"
Odometer (km),Location,RCLU24014,01/18/2025,09:10 AM,0.0 km,Stationary,"4343 East Washington Boulevard, Commerce, Commerce, CA, 90023"
Odometer (km),Location,RCLU24594,01/18/2025,09:09 AM,51120.4 km,Stationary,"Lougheed Highway, Pitt Meadows, Pitt Meadows, BC, V3Y"
Odometer (km),Location,375068RX,01/18/2025,09:09 AM,157081.9 km,Stationary,"6941 Kennedy Road, Mississauga, Mississauga, ON, L5T 2R6"
Odometer (km),Location,RCLU24561,01/18/2025,09:09 AM,41153.4 km,Stationary,"Hwy-401, Ajax, ON, L1Z"
Odometer (km),Location,RCLU16049,01/18/2025,09:09 AM,177507.9 km,Stationary,"Lougheed Highway, Pitt Meadows, Pitt Meadows, BC, V3Y"
Odometer (km),Location,RC94814,01/18/2025,09:09 AM,910105.7 km,Stationary,"Kleinburg, Vaughan, ON, L0J"
Odometer (km),Location,RCLU22098,01/18/2025,09:09 AM,135011.0 km,Stationary,"Rutherford Road, Vaughan, Vaughan, ON, L4H 2B9"
Odometer (km),Location,RCLU21061,01/18/2025,09:09 AM,225666.3 km,Stationary,"205 Commerce Street, Moncton, Moncton, NB, E1H 3T2"
Odometer (km),Location,175062RX,01/18/2025,09:09 AM,557032.9 km,Stationary,"2510 27 Street Northeast, Calgary, Calgary, AB, T1Y 7G1"
Odometer (km),Location,RC94848,01/18/2025,09:09 AM,637489.0 km,Stationary,"7075 Saskatchewan 627, Parkbeg, Wheatlands No. 163, SK, S0H 3K0"
Odometer (km),Location,RCLU21028,01/18/2025,09:09 AM,189423.4 km,Stationary,"Calgary, AB, T2C"
Odometer (km),Location,RCLU16019,01/18/2025,09:08 AM,272015.6 km,Stationary,"9 Lakeside Park Dr, Lakeside, Halifax, NS, B3T"
Odometer (km),Location,ELFC5005,01/18/2025,09:08 AM,388849.1 km,Stationary,"63 Lincoln Avenue, Portage la Prairie, Portage la Prairie, MB, R1N 3T2"
Odometer (km),Location,RCLU24024,01/18/2025,09:08 AM,84299.7 km,Stationary,"4230 East Washington Boulevard, Commerce, Commerce, CA, 90023"
Odometer (km),Location,175067RX,01/18/2025,09:08 AM,683840.3 km,Stationary,"2783 24 Ave NE, Calgary, AB, T1Y"
Odometer (km),Location,RCLU16013,01/18/2025,09:08 AM,55820.5 km,Stationary,"490 Carmek Drive, Calgary, Calgary, AB, T1X 0J9"
Odometer (km),Location,RCLU24588,01/18/2025,09:08 AM,237993.0 km,Stationary,"Kleinburg, Vaughan, ON, L0J"
Odometer (km),Location,RCLU21041,01/18/2025,09:08 AM,218889.1 km,Stationary,"98 Deerhurst Dr, Brampton, ON, L6T"
Odometer (km),Location,375065RX,01/18/2025,09:08 AM,119671.4 km,Stationary,"Slate Drive, Mississauga, Mississauga, ON, L5T 0A1"
Odometer (km),Location,RCLU24063,01/18/2025,09:08 AM,88188.3 km,Stationary,"35 Galloway St, Moncton, NB, E1H"
Odometer (km),Location,RCLU21037,01/18/2025,09:08 AM,267997.1 km,Stationary,"Montreal, Montréal, QC"
Odometer (km),Location,RC94866,01/18/2025,09:08 AM,584596.7 km,Stationary,"6321 Cr-10, Essa, ON, L9R"
Odometer (km),Location,RC94820,01/18/2025,09:08 AM,565523.7 km,Stationary,"6303 Cr-10, Essa, ON, L9R"
Odometer (km),Location,RCLU16094,01/18/2025,09:08 AM,838645.2 km,Stationary,"6261 Cr-10, Essa, ON, L9R"
Odometer (km),Location,RCLU24523,01/18/2025,09:07 AM,27667.3 km,Stationary,"6341 Cr-10, Essa, ON, L9R"
Odometer (km),Location,375069RX,01/18/2025,09:07 AM,159126.6 km,Stationary,"599 Slate Dr, Mississauga, ON, L5T"
Odometer (km),Location,RCLU21012,01/18/2025,09:07 AM,289960.6 km,Stationary,"7884 Heritage Road, Brampton, Brampton, ON, L6Y 0B3"
Odometer (km),Location,RCLU22096,01/18/2025,09:07 AM,101735.0 km,Stationary,"3029 Fountain St N, Cambridge, ON, N3H"
Odometer (km),Location,RCLU16003,01/18/2025,09:07 AM,691845.7 km,Stationary,"2659 190 St, Surrey, BC, V3S"
Odometer (km),Location,RCLU16030,01/18/2025,09:07 AM,438731.5 km,Stationary,"Calgary, AB, T2C"
Odometer (km),Location,RCLU18008,01/18/2025,09:07 AM,719852.7 km,Stationary,"80 Rue de Vaudreuil, Boucherville, Boucherville, QC, J4B 5G4"
Odometer (km),Location,RCLU22061,01/18/2025,09:06 AM,200274.9 km,Stationary,"499 Achilles Rd, Ajax, ON, L1Z"
Odometer (km),Location,RCLU22019,01/18/2025,09:06 AM,352528.7 km,Stationary,"Brampton, ON, L6T"
Odometer (km),Location,RC94802,01/18/2025,09:06 AM,55556.5 km,Stationary,"2685 190 St, Surrey, BC, V3S"
Odometer (km),Location,RCLU22117,01/18/2025,09:06 AM,111318.4 km,Stationary,"499 Achilles Rd, Ajax, ON, L1Z"
Odometer (km),Location,RCLU16035,01/18/2025,09:06 AM,301101.4 km,Stationary,"58 Deerhurst Dr, Brampton, ON, L6T"
Odometer (km),Location,RC94843,01/18/2025,09:06 AM,862259.3 km,Stationary,"186 Douglas Street, Sudbury, Sudbury, ON"
Odometer (km),Location,RCLU24051,01/18/2025,09:06 AM,0.0 km,Stationary,"1557 South McBride Avenue, Commerce, Commerce, CA, 90040"
Odometer (km),Location,RC94815,01/18/2025,09:05 AM,696246.4 km,Stationary,"Calgary, AB, T2C"
Odometer (km),Location,RCLU22087,01/18/2025,09:05 AM,83339.5 km,Stationary,"120 Deerhurst Dr, Brampton, ON, L6T"
Odometer (km),Location,RCLU16031,01/18/2025,09:05 AM,475279.1 km,Stationary,"Heritage Road, Brampton, Brampton, ON, L6Y 0B3"
Odometer (km),Location,RCLU22040,01/18/2025,09:04 AM,216371.7 km,Stationary,"Kleinburg, Vaughan, ON, L0J"
Odometer (km),Location,375063RX,01/18/2025,09:04 AM,138790.8 km,Stationary,"Mississauga, ON, L5T"
Odometer (km),Location,RCLU24065,01/18/2025,09:04 AM,101153.5 km,Stationary,"2645 190 St, Surrey, BC, V3S"
Odometer (km),Location,RC94880,01/18/2025,09:04 AM,227755.6 km,Stationary,"12039 163 St NW, Edmonton, AB, T5V"
Odometer (km),Location,RCLU16084,01/18/2025,09:03 AM,807220.8 km,Stationary,"2800 188 St, Surrey, BC, V3S"
Odometer (km),Location,RCLU18009,01/18/2025,09:03 AM,676456.5 km,Stationary,"162 Deerhurst Dr, Brampton, ON, L6T"
Odometer (km),Location,RCLU22017,01/18/2025,09:02 AM,186941.9 km,Stationary,"Pitt Meadows, BC, V3Y"
Odometer (km),Location,RC94855,01/18/2025,09:02 AM,277441.9 km,Stationary,"6830 Rutherford Road, Kleinburg, Vaughan, ON, L0J 1C0"
Odometer (km),Location,RCLU22088,01/18/2025,09:02 AM,88885.5 km,Stationary,"Lougheed Highway, Pitt Meadows, Pitt Meadows, BC, V3Y"
Odometer (km),Location,RCLU24563,01/18/2025,09:02 AM,65328.7 km,Stationary,"Kleinburg, Vaughan, ON, L0J"
Odometer (km),Location,RCLU21032,01/18/2025,09:02 AM,307420.5 km,Stationary,"Lougheed Highway, Pitt Meadows, Pitt Meadows, BC, V3Y"
Odometer (km),Location,RCLU24573,01/18/2025,09:01 AM,28695.9 km,Stationary,"Calgary, AB, T2C"
Odometer (km),Location,RCLU24540,01/18/2025,09:01 AM,40218.8 km,Stationary,"Gateway Boulevard, Edmonton, Edmonton, AB, T6J 5H2"
Odometer (km),Location,RCLU21024,01/18/2025,09:01 AM,262805.7 km,Stationary,"Rutherford Road, Kleinburg, Vaughan, ON, L0J"
Odometer (km),Location,RCLU21060,01/18/2025,09:01 AM,48178.8 km,Stationary,"Lougheed Highway, Pitt Meadows, Pitt Meadows, BC, V3Y"
Odometer (km),Location,RC94871,01/18/2025,09:00 AM,844907.2 km,Stationary,"Muskoka District Road 11, MacTier, MacTier, ON, P0C 1H0"
Odometer (km),Location,RC94800,01/18/2025,09:00 AM,69018.3 km,Stationary,"151 Ontario 612, MacTier, Seguin, ON, P0C 1H0"
Odometer (km),Location,RCLU16079,01/18/2025,09:00 AM,667168.6 km,Stationary,"High St, Mactier, Georgian Bay, ON, P0C"
Odometer (km),Location,RCLU16004,01/18/2025,09:00 AM,759640.8 km,Stationary,"Muskoka District Road 11, MacTier, MacTier, ON, P0C 1H0"
Odometer (km),Location,RCLU22004,01/18/2025,08:59 AM,227835.0 km,Stationary,"2619 190 St, Surrey, BC, V3S"
Odometer (km),Location,RCLU18003,01/18/2025,08:59 AM,262129.1 km,Stationary,"2651 190 St, Surrey, BC, V3S"
Odometer (km),Location,RCLU22049,01/18/2025,08:59 AM,173813.5 km,Stationary,"Unnamed Road, Pense, Sherwood No. 159, SK, S0G 3W0"
Odometer (km),Location,RCLU21036,01/18/2025,08:59 AM,300393.8 km,Stationary,"7736 114 Ave SE, Calgary, AB, T2Z"
Odometer (km),Location,RCLU16058,01/18/2025,08:58 AM,953842.7 km,Stationary,"Sherwood No 159, SK, S0G"
Odometer (km),Location,RCLU22025,01/18/2025,08:58 AM,95189.2 km,Stationary,"Commerce St, Moncton, NB, E1H"
Odometer (km),Location,ELFC4803,01/18/2025,08:58 AM,289389.3 km,Stationary,"4201 36 Street North, Lethbridge, Lethbridge, AB, T1H 0E8"
Odometer (km),Location,RCLU24512,01/18/2025,08:58 AM,47092.9 km,Stationary,"1981 Chemin St-Fran?Ois:Fre, Dorval, QC, H9P"
Odometer (km),Location,RCLU21016,01/18/2025,08:57 AM,245180.1 km,Stationary,"Kleinburg, Vaughan, ON, L0J"
Odometer (km),Location,RCLU24605,01/18/2025,08:57 AM,52038.7 km,Stationary,"Sherwood No 159, SK, S0G"
Odometer (km),Location,RCLU24029,01/18/2025,08:57 AM,117096.1 km,Stationary,"152 Deerhurst Dr, Brampton, ON, L6T"
Odometer (km),Location,RC94894,01/18/2025,08:57 AM,490868.1 km,Stationary,"7075 Saskatchewan 627, Parkbeg, Wheatlands No. 163, SK, S0H 3K0"
Odometer (km),Location,RCLU22011,01/18/2025,08:57 AM,231603.2 km,Stationary,"Sherwood No 159, SK, S0G"
Odometer (km),Location,RCLU24589,01/18/2025,08:56 AM,36565.9 km,Stationary,"186 Deerhurst Dr, Brampton, ON, L6T"
Odometer (km),Location,RCLU22048,01/18/2025,08:56 AM,190861.1 km,Stationary,"206 Deerhurst Dr, Brampton, ON, L6T"
Odometer (km),Location,RCLU16082,01/18/2025,08:56 AM,957617.6 km,Stationary,"4114 101 Street Northwest, Edmonton, Edmonton, AB, T6E 0A5"
Odometer (km),Location,RCLU24502,01/18/2025,08:56 AM,42163.1 km,Stationary,"Gateway Boulevard, Edmonton, Edmonton, AB, T6J 7A9"
Odometer (km),Location,RCLU22072,01/18/2025,08:56 AM,219848.0 km,Stationary,"Calgary, AB, T2C"
Odometer (km),Location,RCLU16032,01/18/2025,08:55 AM,45321.8 km,Stationary,"98 Driver Rd, Brampton, ON, L6T"
Odometer (km),Location,RCLU24010,01/18/2025,08:55 AM,0.0 km,Stationary,"Esher-Healy Road, Esher, Sudbury, Unorganized, North Part, ON, P0M"
Odometer (km),Location,RCLU24071,01/18/2025,08:53 AM,41952.4 km,Stationary,"Kleinburg, Vaughan, ON, L0J"
Odometer (km),Location,RCLU24513,01/18/2025,08:53 AM,49464.5 km,Stationary,"39 Freeport Blvd NE, Calgary, AB, T3J"
Odometer (km),Location,RCLU22074,01/18/2025,08:53 AM,234557.4 km,Stationary,"6830 Rutherford Road, Kleinburg, Vaughan, ON, L0J 1C0"
Odometer (km),Location,RCLU21063,01/18/2025,08:53 AM,290875.4 km,Stationary,"Kleinburg, Vaughan, ON, L0J"
Odometer (km),Location,RCLU24520,01/18/2025,08:53 AM,115783.9 km,Stationary,"20 Vondrau Dr, Cambridge, ON, N3E"
Odometer (km),Location,RCLU24598,01/18/2025,08:52 AM,31056.0 km,Stationary,"9701 Highway 50, Vaughan, Vaughan, ON, L4H 2G4"
Odometer (km),Location,ELFC4806,01/18/2025,08:52 AM,370691.8 km,Stationary,"372 Church Street South, Pickering, Pickering, ON, L1W 4C1"
Odometer (km),Location,ELFC4814,01/18/2025,08:52 AM,340444.5 km,Stationary,"1850 West Pioneer Boulevard, Mesquite, Mesquite, NV, 89027"
Odometer (km),Location,RCLU16062,01/18/2025,08:52 AM,839085.5 km,Stationary,"CN Autoport Montreal, Saint-Laurent, Montreal, QC, H4T"
Odometer (km),Location,RCLU24517,01/18/2025,08:52 AM,24816.9 km,Stationary,"74 Deerhurst Dr, Brampton, ON, L6T"
Odometer (km),Location,RC94896,01/18/2025,08:51 AM,37428.0 km,Stationary,"Unnamed Road, Pense, Sherwood No. 159, SK, S0G 3W0"
Odometer (km),Location,175065RX,01/18/2025,08:50 AM,581840.2 km,Stationary,"2797 24 Ave NE, Calgary, AB, T1Y"
Odometer (km),Location,RCLU18012,01/18/2025,08:50 AM,803732.4 km,Stationary,"Lougheed Highway, Pitt Meadows, Pitt Meadows, BC, V3Y 2V7"
Odometer (km),Location,RCLU22045,01/18/2025,08:50 AM,185198.8 km,Stationary,"18016 Kennedy Road, Pitt Meadows, Pitt Meadows, BC, V3Y 2V7"
Odometer (km),Location,RC94840,01/18/2025,08:50 AM,674785.2 km,Stationary,"18016 Kennedy Road, Pitt Meadows, Pitt Meadows, BC, V3Y 2V7"
Odometer (km),Location,RCLU22010,01/18/2025,08:50 AM,49984.1 km,Stationary,"Lougheed Highway, Pitt Meadows, Pitt Meadows, BC, V3Y"
Odometer (km),Location,RCLU24599,01/18/2025,08:50 AM,41402.8 km,Stationary,"Calgary, AB, T2C"
Odometer (km),Location,RCLU18021,01/18/2025,08:50 AM,763860.2 km,Stationary,"33 Dufferin Place Southeast, Calgary, Calgary, AB, T2C 4W3"
Odometer (km),Location,RCLU16057,01/18/2025,08:49 AM,771897.8 km,Stationary,"Lougheed Highway, Pitt Meadows, Pitt Meadows, BC, V3Y"
Odometer (km),Location,RCLU16083,01/18/2025,08:49 AM,730787.8 km,Stationary,"Calgary, AB, T2C"
Odometer (km),Location,RCLU22090,01/18/2025,08:49 AM,93451.4 km,Stationary,"Calgary, AB, T2C"
Odometer (km),Location,RCLU22115,01/18/2025,08:48 AM,121942.0 km,Stationary,"10820 68 Street Southeast, Calgary, Calgary, AB, T2C 3B8"
Odometer (km),Location,RCLU18014,01/18/2025,08:48 AM,750770.1 km,Stationary,"29 Freeport Blvd NE, Calgary, AB, T3J"
Odometer (km),Location,RC94877,01/18/2025,08:48 AM,515639.8 km,Stationary,"164 Deerhurst Dr, Brampton, ON, L6T"
Odometer (km),Location,RCLU22093,01/18/2025,08:48 AM,106322.7 km,Stationary,"186 Deerhurst Dr, Brampton, ON, L6T"
Odometer (km),Location,RCLU16097,01/18/2025,08:47 AM,363300.0 km,Stationary,"Intermodal Dr, Brampton, ON, L6T"
Odometer (km),Location,RCLU21049,01/18/2025,08:47 AM,288844.0 km,Stationary,"77 Coronation Street, Kleinburg, Vaughan, ON, L0J 1C0"
Odometer (km),Location,RCLU21015,01/18/2025,08:47 AM,190288.5 km,Stationary,"Kleinburg, Vaughan, ON, L0J"
Odometer (km),Location,RCLU24079,01/18/2025,08:47 AM,0.0 km,Stationary,"Hwy-101, Chapleau Indian Reserve 74A, Sudbury District, ON, P0M"
Odometer (km),Location,RCLU22103,01/18/2025,08:46 AM,145109.9 km,Stationary,"Calgary, AB, T2C"
Odometer (km),Location,RC94861,01/18/2025,08:45 AM,118301.7 km,Stationary,"421 Hardisty Street North, Thunder Bay, Thunder Bay, ON, P7C 3G9"
Odometer (km),Location,RCLU24053,01/18/2025,08:44 AM,97868.8 km,Stationary,"Pitt Meadows, BC, V3Y"
Odometer (km),Location,RCLU16014,01/18/2025,08:44 AM,30803.4 km,Stationary,"Kleinburg, Vaughan, ON, L0J"
Odometer (km),Location,RCLU16036,01/18/2025,08:44 AM,741584.5 km,Stationary,"1504 Main Street, Winnipeg, Winnipeg, MB, R2W 3N4"
Odometer (km),Location,RCLU16038,01/18/2025,08:44 AM,780111.2 km,Stationary,"18018 Kennedy Road, Pitt Meadows, Pitt Meadows, BC, V3Y 2V7"
Odometer (km),Location,RCLU16096,01/18/2025,08:44 AM,1008967.0 km,Stationary,"Slaw Rebchuk Bridge, Winnipeg, Winnipeg, MB"
Odometer (km),Location,RC94838,01/18/2025,08:44 AM,654530.3 km,Stationary,"Arlington Street, Winnipeg, Winnipeg, MB"
Odometer (km),Location,RC94835,01/18/2025,08:44 AM,58787.8 km,Stationary,"398 Princess St, Winnipeg, MB, R3B"
Odometer (km),Location,RCLU21022,01/18/2025,08:44 AM,195383.1 km,Stationary,"1098 Arlington Street, Winnipeg, Winnipeg, MB, R3E 2G6"
Odometer (km),Location,RCLU22012,01/18/2025,08:44 AM,215672.9 km,Stationary,"1029 Henry Avenue, Winnipeg, Winnipeg, MB, R3E 1V6"
Odometer (km),Location,RCLU21044,01/18/2025,08:44 AM,19266.0 km,Stationary,"1098 Arlington Street, Winnipeg, Winnipeg, MB, R3E 2G6"
Odometer (km),Location,RCLU24596,01/18/2025,08:44 AM,53322.1 km,Stationary,"12085 163 St NW, Edmonton, AB, T5V"
Odometer (km),Location,RC94818,01/18/2025,08:43 AM,251043.3 km,Stationary,"182 Deerhurst Dr, Brampton, ON, L6T"
Odometer (km),Location,RCLU24501,01/18/2025,08:43 AM,52385.7 km,Stationary,"445 Higgins Ave, Winnipeg, MB, R3A"
Odometer (km),Location,RCLU24538,01/18/2025,08:42 AM,43640.2 km,Stationary,"1101 Ash St, Moose Jaw, SK, S6H"
Odometer (km),Location,RCLU24571,01/18/2025,08:40 AM,14855.4 km,Stationary,"Sherwood No 159, SK, S0G"
Odometer (km),Location,RCLU16044,01/18/2025,08:40 AM,257968.7 km,Stationary,"Kleinburg, Vaughan, ON, L0J"
Odometer (km),Location,RCLU24551,01/18/2025,08:39 AM,40090.0 km,Stationary,"1977 Chemin St-Fran?Ois:Fre, Dorval, QC, H9P"
Odometer (km),Location,RCLU18017,01/18/2025,08:38 AM,737002.4 km,Stationary,"Concession Road 3, Upsala, Unorganized Thunder Bay District, ON, P0T"
Odometer (km),Location,RCLU21020,01/18/2025,08:38 AM,319780.7 km,Stationary,"Heritage Road, Brampton, Brampton, ON, L6Y 0B3"
Odometer (km),Location,RCLU22057,01/18/2025,08:38 AM,189810.1 km,Stationary,"Kleinburg, Vaughan, ON, L0J"
Odometer (km),Location,RCLU22044,01/18/2025,08:35 AM,203297.8 km,Stationary,"2042 Marc Street, Tacoma, Tacoma, WA, 98421"
Odometer (km),Location,RCLU24585,01/18/2025,08:34 AM,29748.9 km,Stationary,"33 Dufferin Place Southeast, Calgary, Calgary, AB, T2C 4W3"
Odometer (km),Location,RCLU16070,01/18/2025,08:34 AM,14.9 km,Stationary,"Kleinburg, Vaughan, ON, L0J"
Odometer (km),Location,RCLU16005,01/18/2025,08:33 AM,9491.0 km,Stationary,"Kleinburg, Vaughan, ON, L0J"
Odometer (km),Location,RCLU16016,01/18/2025,08:33 AM,713933.9 km,Stationary,"7075 Highway 1 west, Parkbeg, Wheatlands No. 163, SK, S0H 3K0"
Odometer (km),Location,RC94801,01/18/2025,08:32 AM,125693.1 km,Stationary,"Trans-Canada Highway, Parkbeg, Wheatlands No. 163, SK, S0H 3K0"
Odometer (km),Location,RC94833,01/18/2025,08:32 AM,805420.0 km,Stationary,"7075 Saskatchewan 1, Parkbeg, Wheatlands No. 163, SK, S0H 3K0"
Odometer (km),Location,RC94805,01/18/2025,08:32 AM,747761.7 km,Stationary,"Wheatlands No 163, SK, S0H"
Odometer (km),Location,RCLU24038,01/18/2025,08:32 AM,121095.8 km,Stationary,"Parkbeg, Wheatlands No 163, SK, S0H"
Odometer (km),Location,RCLU16088,01/18/2025,08:32 AM,1019754.3 km,Stationary,"Kleinburg, Vaughan, ON, L0J"
Odometer (km),Location,RCLU16080,01/18/2025,08:31 AM,1039062.5 km,Stationary,"4036 101 Street Northwest, Edmonton, Edmonton, AB, T6E 0A5"
Odometer (km),Location,ELFC4817,01/18/2025,08:31 AM,493494.6 km,Stationary,"10817 Barlow Trl NE, Calgary, AB, T3N"
Odometer (km),Location,RCLU22054,01/18/2025,08:29 AM,62687.3 km,Stationary,"Lougheed Highway, Pitt Meadows, Pitt Meadows, BC, V3Y"
Odometer (km),Location,RCLU22118,01/18/2025,08:29 AM,104034.4 km,Stationary,"Calgary, AB, T2C"
Odometer (km),Location,RCLU22116,01/18/2025,08:29 AM,87574.5 km,Stationary,"Lougheed Highway, Pitt Meadows, Pitt Meadows, BC, V3Y"
Odometer (km),Location,RCLU18016,01/18/2025,08:28 AM,721369.3 km,Stationary,"1560 Croissant Brandon, Lachine, Montréal, QC, H8T 2M8"
Odometer (km),Location,RCLU24527,01/18/2025,08:28 AM,35138.5 km,Stationary,"345 E Kent Ave N, Vancouver, BC, V5X"
Odometer (km),Location,RCLU24590,01/18/2025,08:28 AM,29771.4 km,Stationary,"Deerhurst Drive, Brampton, Brampton, ON, L6T 5R8"
Odometer (km),Location,RCLU16063,01/18/2025,08:28 AM,355478.0 km,Stationary,"Calgary, AB, T2C"
Odometer (km),Location,RCLU16050,01/18/2025,08:28 AM,54553.8 km,Stationary,"395 E Kent Ave N, Vancouver, BC, V5X"
Odometer (km),Location,RCLU24574,01/18/2025,08:27 AM,39910.4 km,Stationary,"1939 Chemin St-Fran?Ois:Fre, Dorval, QC, H9P"
Odometer (km),Location,RCLU24552,01/18/2025,08:26 AM,32772.1 km,Stationary,"Kleinburg, Vaughan, ON, L0J"
Odometer (km),Location,RCLU22070,01/18/2025,08:26 AM,239251.5 km,Stationary,"Kleinburg, Vaughan, ON, L0J"
Odometer (km),Location,RCLU21050,01/18/2025,08:26 AM,291918.4 km,Stationary,"2691 190 St, Surrey, BC, V3S"
Odometer (km),Location,RCLU24505,01/18/2025,08:26 AM,50917.0 km,Stationary,"Pitt Meadows, BC, V3Y"
Odometer (km),Location,RC94860,01/18/2025,08:25 AM,845750.2 km,Stationary,"Calgary, AB, T2C"
Odometer (km),Location,RC94888,01/18/2025,08:25 AM,69516.4 km,Stationary,"Kleinburg, Vaughan, ON, L0J"
Odometer (km),Location,175063RX,01/18/2025,08:25 AM,609648.3 km,Stationary,"Moosomin No 121, SK, S0G"
Odometer (km),Location,RCLU21035,01/18/2025,08:24 AM,324792.9 km,Stationary,"6830 Rutherford Road, Kleinburg, Vaughan, ON, L0J 1C0"
Odometer (km),Location,RC94850,01/18/2025,08:24 AM,817049.0 km,Stationary,"2093 Bayly St, Pickering, ON, L1W"
Odometer (km),Location,RCLU24570,01/18/2025,08:24 AM,48687.8 km,Stationary,"8442 Manitoba St, Vancouver, BC, V5X"
Odometer (km),Location,RCLU16006,01/18/2025,08:23 AM,1084.8 km,Stationary,"Kleinburg, Vaughan, ON, L0J"
Odometer (km),Location,RCLU21055,01/18/2025,08:08 AM,20200.6 km,Stationary,"76 Rue J-A-Bombardier:Fre, Boucherville:Fre, QC, J4B"
Odometer (km),Location,RCLU21001,01/18/2025,08:05 AM,282138.8 km,Stationary,"2 Hereford Street, Brampton, Brampton, ON, L6Y 0M1"
Odometer (km),Location,RCLU22083,01/18/2025,07:47 AM,55599.0 km,Stationary,"134 Deerhurst Dr, Brampton, ON, L6T"
Odometer (km),Location,RCLU24518,01/18/2025,07:20 AM,0.0 km,Stationary,"Morse, Morse, SK, S0H"
Odometer (km),Location,RCLU24040,01/18/2025,07:05 AM,0.0 km,Stationary,"Hacienda Heights, Industry, CA, 91745"
Odometer (km),Location,RCLU24086,01/18/2025,07:05 AM,0.0 km,Stationary,"4070 East Washington Boulevard, Commerce, Commerce, CA, 90023"
Odometer (km),Location,RCLU21039,01/18/2025,07:02 AM,238719.1 km,Stationary,"418 Gibraltar Drive, Mississauga, Mississauga, ON, L5T 2P5"
Odometer (km),Location,RCLU22109,01/18/2025,07:01 AM,103528.8 km,Stationary,"309 Herbert Street, Morse, Morse, SK, S0H 3C0"
Odometer (km),Location,RC94868,01/18/2025,07:01 AM,411059.2 km,Stationary,"Exit 2:Fre, Lachine:Fre, Montreal, QC, H8T"
Odometer (km),Location,RCLU22016,01/18/2025,06:31 AM,186982.9 km,Stationary,"10400 Franklin Avenue, Franklin Park, Leyden Township, IL, 60131"
Odometer (km),Location,RCLU16076,01/18/2025,06:19 AM,690793.1 km,Stationary,"9771 Riverside Avenue, Swift Current, Swift Current, SK, S9H 1E7"
Odometer (km),Location,RCLU24006,01/18/2025,06:00 AM,102292.4 km,Stationary,"4230 East Washington Boulevard, Commerce, Commerce, CA, 90023"
Odometer (km),Location,ELFC4700,01/18/2025,05:41 AM,29174.9 km,Stationary,"2633 190 St, Surrey, BC, V3S"
Odometer (km),Location,RCLU21007,01/18/2025,12:12 AM,253577.9 km,Stationary,No address recorded
Odometer (km),Location,RCLU22095,01/17/2025,07:19 PM,135978.4 km,Stationary,"Calgary, Calgary, AB"
Odometer (km),Location,RCLU22050,01/17/2025,04:10 PM,0.0 km,Stationary,"3500 Mannheim Road, Franklin Park, Leyden Township, IL, 60131"
Odometer (km),Location,RCLU24012,01/17/2025,12:34 PM,237999.1 km,Stationary,"526 Bayly St E, Ajax, ON, L1S"
Odometer (km),Location,RCLU22119,01/11/2025,03:18 PM,101725.4 km,Stationary,"21104 113 Avenue Northwest, Edmonton, Edmonton, AB, T5S 1Y6"
Odometer (km),Location,RCLU22032,01/09/2025,07:01 AM,241179.8 km,Stationary,"2613 190 St, Surrey, BC, V3S"
Odometer (km),Location,RC94851,01/07/2025,09:28 PM,69488.3 km,Stationary,"80 Rue de Vaudreuil, Boucherville, Boucherville, QC, J4B 5G4"
Odometer (km),Location,ELFC4705,01/07/2025,06:32 PM,305701.6 km,Stationary,"601 Rue Louis-Pasteur:Fre, Boucherville:Fre, QC, J4B"
Odometer (km),Location,RCLU21010,01/05/2025,04:47 PM,34897.0 km,Stationary,"53 Industry Way Southeast, Calgary, Calgary, AB, T3S 0B5"
Odometer (km),Location,RCLU24542,01/03/2025,05:30 PM,0.0 km,Stationary,"Intermodal Dr, Brampton, ON, L6T"
Odometer (km),Location,RCLU16069,01/02/2025,11:19 AM,1001186.7 km,Stationary,"128 Deerhurst Dr, Brampton, ON, L6T"
Odometer (km),Location,RCLU22001,12/23/2024,05:17 PM,223350.8 km,Stationary,"Manteca, CA, 95336"
Odometer (km),Location,RCLU16002,12/18/2024,04:03 PM,838398.1 km,Stationary,"Lachine:Fre, Montreal, QC, H8T"
Odometer (km),Location,RCLU22076,12/15/2024,07:38 AM,183008.8 km,Stationary,"10501 Franklin Avenue, Franklin Park, Leyden Township, IL, 60131"
Odometer (km),Location,RCLU24077,11/21/2024,08:49 PM,0.0 km,Stationary,"Old Valley Boulevard, City of Industry, City of Industry, CA, 91744"

